ACCIDENT_YEAR,COLLISION_DATE,COLLISION_TIME,MONTH,SEASON,24HOURS,DAY_OF_WEEK,INTERSECTION,WEATHER_1,STATE_HWY_IND,ROAD_SURFACE,ROAD_COND_1,LIGHTING,STWD_VEHTYPE_AT_FAULT,CHP_VEHTYPE_AT_FAULT,DIRECTION,PCF_VIOL_CATEGORY,TYPE_OF_COLLISION,PEDESTRIAN_ACCIDENT,BICYCLE_ACCIDENT,MOTORCYCLE_ACCIDENT,TRUCK_ACCIDENT,MVIW,TOW_AWAY,HIT_AND_RUN,CONTROL_DEVICE,NUMBER_INJURED,COUNT_PED_INJURED,COUNT_BICYCLIST_INJURED,COUNT_MC_INJURED,PCF_VIOLATION,PARTY_COUNT,POINT_Y,POINT_X,COLLISION_SEVERITY
2011,2011-10-24,1647,10,3,16,1,-,A,N,A,H,A,A,07,,22,G,Y,,,,B,N,N,D,1,1,0,0,,2,36.34297429,-119.65510571,4
2011,2011-04-23,1007,4,1,10,6,N,A,N,A,H,A,A,01,E,01,D,,,,,C,Y,N,A,1,0,0,0,23152.0,2,36.32796767,-119.64923501,4
2011,2011-04-27,801,4,1,8,3,Y,A,N,A,H,A,A,01,,12,D,,,,,D,Y,N,A,1,0,0,0,21453.0,2,36.34271,-119.63699,3
2011,2011-04-27,1453,4,1,14,3,N,A,N,A,H,A,A,01,,03,C,,,,,C,Y,N,D,1,0,0,0,22350.0,2,36.32519,-119.66806,4
2011,2011-05-02,1510,5,1,15,1,N,A,N,A,H,A,A,01,W,03,C,,,,,C,Y,N,D,2,0,0,0,22350.0,3,36.34266324,-119.64048564,3
2011,2011-05-04,1751,5,1,17,3,N,A,N,A,H,A,A,08,W,09,D,,,,,C,N,N,A,3,0,0,0,21804.0,2,36.32807695,-119.67425919,4
2011,2011-05-09,728,5,1,7,1,Y,A,N,A,H,A,A,01,,09,D,,,,,D,Y,N,A,2,0,0,0,21802.0,2,36.10894,-119.64434,3
2011,2011-05-09,2139,5,1,21,1,Y,A,N,A,H,C,-,- ,,- ,-,,,,,C,Y,N,A,2,0,0,0,,2,36.35178,-119.65508,4
2011,2011-05-08,232,5,1,2,7,N,A,N,A,H,C,A,01,N,08,A,,,,,I,Y,N,D,2,0,0,0,22107.0,1,36.3412403,-119.65511946,3
2011,2011-04-16,1613,4,1,16,6,N,A,N,A,H,A,-,- ,S,03,D,,,Y,,C,Y,F,D,1,0,0,1,22350.0,2,36.31622491,-119.6688327,3
2011,2011-08-20,1420,8,2,14,6,N,A,N,A,H,A,A,08,E,13,H,,,,,A,N,N,D,1,0,0,0,22515.0,1,36.31248476,-119.70853044,4
2011,2011-02-01,1427,2,4,14,2,N,A,N,A,H,A,C,02,E,03,E,,,Y,,I,N,N,D,0,0,0,0,22350.0,1,36.34261109,-119.62822264,1
2011,2011-03-12,2055,3,1,20,6,N,A,Y,A,H,D,A,07,N,08,F,,,,,A,Y,N,D,0,0,0,0,22107.0,1,35.87912557,-119.85583457,1
2011,2011-01-05,740,1,4,7,3,N,E,Y,B,H,A,A,01,N,03,D,,,,Y,C,Y,N,A,1,0,0,0,22350.0,2,36.32387218,-119.60098256,3
2011,2011-01-13,225,1,4,2,4,N,A,Y,A,H,E,G,25,S,03,C,,,,Y,C,Y,N,D,1,0,0,0,22350.0,2,35.92989139,-119.90751355,3
2011,2011-02-01,730,2,4,7,2,N,E,Y,A,H,A,A,01,E,03,D,,,,Y,C,,N,A,1,0,0,0,22350.0,2,36.28416503,-119.80351259,4
2011,2011-01-22,1015,1,4,10,6,N,E,N,B,H,A,-,- ,S,00,D,,,,Y,C,Y,N,D,1,0,0,0,,2,36.48394329,-119.56534624,4
2011,2011-01-24,515,1,4,5,1,Y,E,Y,B,H,D,A,01,,12,D,,,,Y,C,Y,N,A,2,0,0,0,22450.0,2,36.2258683,-119.60080188,4
2011,2011-01-22,1023,1,4,10,6,N,E,N,D,H,A,M,46,W,09,D,,,,,C,Y,N,D,1,0,0,0,21804.0,2,,,4
2011,2011-02-10,904,2,4,9,4,N,A,N,A,H,A,A,01,S,03,D,,,,Y,C,Y,N,D,1,0,0,0,22350.0,2,36.31205378,-119.80855926,4
2011,2011-01-20,700,1,4,7,4,Y,E,Y,A,H,A,A,01,,03,D,,,,,C,Y,N,A,2,0,0,0,22350.0,2,36.37182326,-119.63704116,4
2011,2011-01-16,1835,1,4,18,7,Y,A,N,A,H,C,D,22,,17,D,,,,,C,Y,N,A,2,0,0,0,21451.0,2,36.3349,-119.65519,3
2011,2011-01-10,2028,1,4,20,1,N,C,N,B,H,C,A,01,S,03,G,Y,,,,B,N,N,D,1,1,0,0,22350.0,2,,,2
2011,2011-01-15,1836,1,4,18,6,N,A,N,A,H,C,N,60,N,11,A,Y,,,,B,N,N,A,1,1,0,0,21950.0,2,,,3
2011,2011-01-25,1807,1,4,18,2,Y,E,N,A,H,D,N,60,,11,G,Y,,,,B,N,N,A,1,1,0,0,21950.0,2,36.32525,-119.65516,3
2011,2011-01-13,830,1,4,8,4,N,E,Y,A,H,A,A,01,N,03,C,,,,,C,N,N,D,1,0,0,0,22350.0,2,36.37322515,-119.63704685,4
2011,2011-01-08,2319,1,4,23,6,N,A,N,A,H,D,D,22,W,08,E,,,,,I,Y,N,D,1,0,0,0,22107.0,1,36.40202872,-119.82338011,3
2011,2011-01-16,415,1,4,4,7,N,B,N,A,H,D,D,22,W,08,F,,,,,A,Y,N,D,1,0,0,0,22107.0,1,36.40120794,-119.63983165,3
2011,2011-01-13,815,1,4,8,4,Y,E,N,A,H,A,D,22,,09,D,,,,,C,N,N,A,1,0,0,0,21802.0,2,36.31349,-119.74477,4
2011,2011-01-11,1816,1,4,18,2,-,A,N,A,H,C,L,,,05,D,,Y,,,G,N,N,D,1,0,1,0,21650.0,2,,,4
2011,2011-01-13,1125,1,4,11,4,N,A,N,A,H,A,D,22,S,01,E,,,,,I,Y,N,D,1,0,0,0,23152.0,1,36.31124838,-119.65500235,3
2011,2011-01-10,1304,1,4,13,1,Y,B,N,A,H,A,A,08,,04,C,,,,,C,N,N,D,1,0,0,0,21703.0,2,36.31341,-119.65273,4
2011,2011-01-03,610,1,4,6,1,N,B,N,A,H,D,A,01,W,08,F,,,,,A,N,N,D,1,0,0,0,22107.0,1,36.34396504,-119.85289404,4
2011,2011-01-03,1204,1,4,12,1,Y,A,N,A,H,A,A,01,,09,D,,,,,C,N,N,D,1,0,0,0,21801.0,3,36.32809,-119.66017,4
2011,2011-01-03,1145,1,4,11,1,N,A,N,A,H,A,A,01,S,10,G,Y,,,,B,N,N,A,1,1,0,0,21950.0,3,36.33675858,-119.6460624,4
2011,2011-02-12,1258,2,4,12,6,Y,A,Y,A,H,A,G,25,,09,D,,,,Y,C,Y,N,A,1,0,0,0,21802.0,2,36.25686502,-119.8661926,4
2011,2011-01-01,1325,1,4,13,6,Y,B,N,B,H,A,A,01,,03,C,,,,,C,N,N,D,1,0,0,0,22350.0,2,36.29779,-119.49214,4
2011,2011-01-17,1330,1,4,13,1,N,B,N,A,H,A,A,01,N,08,E,,,,,I,N,N,D,1,0,0,0,22107.0,1,36.18998142,-119.78030044,4
2011,2011-01-15,1300,1,4,13,6,Y,B,N,A,H,A,A,01,,12,E,,,,,I,Y,N,A,3,0,0,0,22450.0,1,35.93439,-119.5731,3
2011,2011-01-14,1825,1,4,18,5,N,A,N,A,H,D,A,01,N,09,A,,,,,C,Y,N,D,2,0,0,0,21801.0,2,36.26917699,-119.78092268,3
2011,2011-01-20,840,1,4,8,4,Y,E,N,B,H,A,A,01,,12,D,,,,,C,Y,N,A,1,0,0,0,22450.0,2,36.32807,-119.70897,4
2011,2011-01-15,820,1,4,8,6,N,B,Y,A,H,A,A,01,S,08,F,,,,,A,Y,N,D,1,0,0,0,22107.0,1,35.9278111,-119.90538463,3
2011,2011-01-23,1318,1,4,13,7,N,B,N,A,D,A,A,08,N,09,D,,,,,C,Y,N,A,2,0,0,0,21801.0,2,36.32801877,-119.6117123,3
2011,2011-01-21,2212,1,4,22,5,Y,E,Y,A,H,-,A,07,,12,D,,,,,C,Y,N,A,2,0,0,0,22450.0,2,36.32794503,-119.8078026,4
2011,2011-01-24,1843,1,4,18,1,Y,E,Y,A,H,C,A,07,,17,A,,,,,C,Y,N,A,2,0,0,0,21451.0,2,36.34247504,-119.8078726,3
2011,2011-01-24,755,1,4,7,1,N,E,N,B,H,A,A,01,W,03,E,,,,,I,Y,N,B,2,0,0,0,22350.0,1,36.21130466,-119.63963985,3
2011,2011-01-25,1951,1,4,19,2,N,E,N,A,H,C,-,- ,S,03,-,,,,,C,Y,N,D,3,0,0,0,22350.0,3,,,3
2011,2011-02-02,1731,2,4,17,3,Y,A,N,A,H,B,D,22,,01,E,,,,,J,Y,N,D,1,0,0,0,23152.0,2,36.30561,-119.65268,3
2011,2011-02-02,1320,2,4,13,3,Y,A,N,A,H,A,A,01,,- ,G,Y,,,,B,N,F,D,1,1,0,0,,2,36.33219,-119.6551,4
2011,2011-02-04,1735,2,4,17,5,Y,A,N,A,H,B,A,01,,09,D,,,,,C,Y,N,D,1,0,0,0,21801.0,2,36.31347,-119.64595,4
2011,2011-02-02,1359,2,4,13,3,N,A,N,A,H,A,A,01,N,03,C,,,,,C,Y,N,A,2,0,0,0,22350.0,3,36.33270284,-119.65511569,4
2011,2011-01-31,630,1,4,6,1,N,B,Y,B,H,B,A,01,S,08,F,,,,,I,Y,N,D,1,0,0,0,22107.0,1,35.82321226,-119.80732023,4
2011,2011-02-10,2250,2,4,22,4,N,A,Y,A,H,D,A,01,S,08,F,,,,,A,Y,N,D,1,0,0,0,22107.0,1,36.33507096,-119.80784403,4
2011,2011-02-16,750,2,4,7,3,Y,B,Y,B,H,A,A,01,,09,D,,,,,C,N,N,A,1,0,0,0,21802.0,2,36.25686502,-119.8661926,4
2011,2011-02-16,1545,2,4,15,3,Y,B,N,B,H,A,A,07,,09,D,,,,,C,Y,N,A,1,0,0,0,21802.0,3,36.32177,-119.64951,4
2011,2011-02-02,2016,2,4,20,3,N,A,N,A,H,C,N,60,W,11,G,Y,,,,B,N,N,A,1,1,0,0,21950.0,2,36.353992,-119.64610219,4
2011,2011-02-19,1943,2,4,19,6,Y,B,Y,B,H,C,A,01,,12,D,,,,,C,Y,N,A,3,0,0,0,22450.0,2,36.40097066,-119.63696571,2
2011,2011-03-12,2114,3,1,21,6,Y,A,N,A,H,C,C,02,,12,D,,,Y,,D,N,N,A,1,0,0,0,21453.0,2,36.33493,-119.63697,4
2011,2011-01-20,915,1,4,9,4,N,E,Y,A,G,A,A,01,N,03,C,,,,,D,Y,N,A,2,0,0,0,22350.0,2,36.30251853,-119.80775259,3
2011,2011-02-11,1600,2,4,16,5,N,A,N,A,H,A,L,04,W,05,D,,Y,,,G,N,N,D,1,0,1,0,21202.0,2,36.30193677,-119.78393541,4
2011,2011-02-28,1455,2,4,14,1,N,A,N,A,H,A,A,07,N,03,C,,,,,C,Y,N,D,1,0,0,0,22350.0,2,36.34595859,-119.69101489,4
2011,2011-02-28,1440,2,4,14,1,N,A,N,A,H,A,A,01,S,08,F,,,,,A,Y,N,D,5,0,0,0,22107.0,1,36.17144559,-119.64604692,3
2011,2011-03-20,130,3,1,1,7,N,B,Y,A,H,D,-,- ,N,- ,H,,,,Y,C,Y,N,D,1,0,0,0,,2,36.12285333,-119.57426644,4
2011,2011-03-17,545,3,1,5,4,Y,A,N,A,H,D,D,22,,12,D,,,,,C,Y,F,A,2,0,0,0,22450.0,2,36.2258,-119.67281,2
2011,2011-03-15,735,3,1,7,2,Y,E,N,A,H,A,G,25,,12,D,,,,Y,C,Y,N,A,2,0,0,0,22450.0,2,36.1894,-119.7803,3
2011,2011-02-06,2040,2,4,20,7,N,A,Y,A,H,D,A,01,S,01,B,,,,,C,Y,F,D,6,0,0,0,23152.0,2,36.36860478,-119.63693966,2
2011,2011-02-16,1740,2,4,17,3,Y,B,N,B,H,B,A,01,,09,D,,,,,A,Y,N,D,3,0,0,0,21801.0,2,36.30563,-119.67285,4
2011,2011-02-18,950,2,4,9,5,Y,B,N,A,H,A,D,22,,21,D,,,,,C,N,N,A,1,0,0,0,22106.0,2,36.32809,-119.69102,3
2011,2011-02-20,1145,2,4,11,7,N,B,N,A,H,A,A,01,W,08,E,,,,,I,Y,N,D,2,0,0,0,22107.0,1,35.934065,-119.71953129,4
2011,2011-01-13,630,1,4,6,4,N,E,Y,B,H,A,G,,,03,-,,,,Y,C,N,N,-,1,0,0,0,22350.0,2,36.11171676,-119.56569975,3
2011,2011-03-23,1549,3,1,15,3,N,B,N,B,H,A,A,01,E,03,C,,,,,C,Y,N,A,1,0,0,0,22350.0,2,36.34265505,-119.66550186,4
2011,2011-01-21,700,1,4,7,5,-,E,N,B,H,A,D,,,03,F,,,,,J,N,N,D,1,0,0,0,22350.0,1,36.10503857,-119.56210714,2
2011,2011-03-05,647,3,1,6,6,N,A,Y,A,H,A,A,01,S,08,E,,,,,I,Y,N,D,2,0,0,0,22107.0,1,35.865651,-119.84312795,3
2011,2011-03-09,1010,3,1,10,3,Y,A,N,A,H,A,D,22,,12,D,,,,,C,Y,N,A,1,0,0,0,22450.0,2,36.40114,-119.67295,4
2011,2011-03-04,1153,3,1,11,5,Y,A,N,A,H,A,D,22,,09,D,,,,,D,Y,N,A,1,0,0,0,21802.0,2,36.33078,-119.66326,4
2011,2011-02-27,2035,2,4,20,7,N,A,N,A,H,D,A,07,W,01,E,,,,,I,Y,N,D,2,0,0,0,23152.0,1,36.32806507,-119.73048478,3
2011,2011-03-09,1423,3,1,14,3,N,A,Y,A,H,A,A,01,W,17,F,,,,,I,Y,N,D,1,0,0,0,23109.0,1,36.36920782,-119.63700732,4
2011,2011-03-08,1352,3,1,13,2,Y,A,N,A,H,A,A,01,,09,D,,,,,C,Y,N,A,1,0,0,0,21802.0,2,36.32773,-119.64592,4
2011,2011-03-14,1721,3,1,17,1,Y,A,N,A,H,A,A,01,,08,D,,,,,C,Y,N,D,1,0,0,0,22107.0,2,36.32691875,-119.65815783,4
2011,2011-03-13,1850,3,1,18,7,Y,B,N,A,H,D,A,01,,09,C,,,Y,,C,Y,N,A,2,0,0,1,21804.0,2,36.34263004,-119.68191988,2
2011,2011-03-16,1523,3,1,15,3,Y,A,N,A,H,A,A,01,,09,D,,,,,C,N,N,A,1,0,0,0,21802.0,2,36.32252,-119.6447,4
2011,2011-03-06,2145,3,1,21,7,N,A,Y,A,H,D,D,22,S,08,F,,,,,A,Y,N,D,1,0,0,0,22107.0,1,35.94421617,-120.00857802,4
2011,2011-02-18,735,2,4,7,5,N,A,N,A,H,A,A,01,S,03,C,,,,,C,Y,N,D,1,0,0,0,22350.0,3,36.32226863,-119.63699735,4
2011,2011-02-28,1400,2,4,14,1,Y,A,Y,-,H,A,A,01,,09,D,,,,,C,Y,N,A,1,0,0,0,21802.0,2,36.32296504,-119.64537257,4
2011,2011-02-18,1501,2,4,15,5,N,C,N,B,H,A,A,08,N,09,A,,,,,C,Y,N,D,1,0,0,0,21801.0,2,36.31585574,-119.66572472,3
2011,2011-02-23,1215,2,4,12,3,N,A,N,A,H,A,A,01,E,01,C,,,Y,,E,Y,N,A,1,0,0,0,23152.0,2,36.34994505,-119.63390167,3
2011,2011-02-08,1614,2,4,16,2,Y,C,N,B,H,A,A,01,,09,D,,,,,C,Y,N,A,1,0,0,0,21802.0,2,36.32539,-119.6537,4
2011,2011-03-15,530,3,1,5,2,N,A,N,A,H,D,A,01,W,08,F,,,,,A,Y,N,D,1,0,0,0,22107.0,1,35.93527561,-120.0323633,4
2011,2011-03-12,2115,3,1,21,6,N,A,Y,A,H,D,A,01,N,03,C,,,,,C,Y,N,D,1,0,0,0,22350.0,2,35.87820563,-119.85546731,4
2011,2011-04-02,1851,4,1,18,6,Y,B,N,A,H,A,A,01,,09,D,,,,,C,Y,N,A,4,0,0,0,21801.0,3,36.30421,-119.63695,2
2011,2011-04-01,1324,4,1,13,5,N,A,N,A,H,A,G,25,W,03,F,,,,Y,A,Y,N,D,1,0,0,0,22350.0,1,36.40136738,-119.5652651,3
2011,2011-04-10,110,4,1,1,7,N,B,N,A,H,D,D,22,W,01,F,,,,,A,Y,N,D,1,0,0,0,23152.0,1,36.21133503,-119.78203115,3
2011,2011-03-20,1839,3,1,18,7,N,C,Y,B,H,A,A,01,S,08,F,,,,,A,Y,N,D,1,0,0,0,22107.0,1,35.82272135,-119.80695139,3
2011,2011-03-22,924,3,1,9,2,N,B,N,A,H,A,D,22,N,09,D,,,,,C,N,N,D,1,0,0,0,21804.0,2,36.31671248,-119.77136259,4
2011,2011-02-23,708,2,4,7,3,N,A,N,A,H,A,D,22,E,03,F,,,,,I,N,N,D,1,0,0,0,22350.0,1,36.29665869,-119.80976343,4
2011,2011-03-20,1210,3,1,12,7,N,C,N,B,H,A,A,01,S,08,B,,,,Y,E,Y,N,D,5,0,0,0,22107.0,2,36.23896086,-119.78069133,4
2011,2011-03-21,940,3,1,9,1,N,A,N,A,H,A,A,01,W,03,C,,,,,C,Y,N,D,1,0,0,0,22350.0,2,36.32799505,-119.61580913,4
2011,2011-02-22,1012,2,4,10,2,N,A,Y,A,H,A,A,01,S,03,E,,,,,A,Y,N,D,1,0,0,0,22350.0,1,35.97860499,-119.95690259,4
2011,2011-03-23,1310,3,1,13,3,N,C,N,B,H,A,A,01,W,03,C,,,,,C,Y,N,A,2,0,0,0,22350.0,2,36.21130899,-119.63981509,4
2011,2011-03-21,1225,3,1,12,1,N,B,Y,A,H,A,A,01,W,03,C,,,,,C,Y,N,D,1,0,0,0,22350.0,2,36.32819888,-119.51042918,4
2011,2011-03-17,420,3,1,4,4,N,A,Y,A,H,D,A,08,W,08,E,,,,,I,Y,N,D,2,0,0,0,22107.0,1,36.32016581,-119.66265306,3
2011,2011-04-14,450,4,1,4,4,Y,A,Y,A,H,C,D,22,,01,F,,,,,A,Y,N,A,1,0,0,0,23152.0,1,36.29563503,-119.75913259,3
2011,2011-04-03,2230,4,1,22,7,Y,A,N,A,H,D,A,01,,09,D,,,,,C,N,N,D,2,0,0,0,21802.0,2,36.25469,-119.79882,3
2011,2011-03-24,1542,3,1,15,4,N,B,N,A,H,A,A,01,N,08,E,,,,,I,Y,N,D,1,0,0,0,22107.0,1,36.34397573,-119.74480716,2
2011,2011-03-05,1930,3,1,19,6,N,A,N,A,H,C,L,04,N,05,D,,Y,,,C,N,N,D,1,0,1,0,21202.0,2,36.3129824,-119.66498984,4
2011,2011-03-19,2015,3,1,20,6,Y,B,Y,B,H,C,A,01,,12,A,,,,,C,Y,N,A,2,0,0,0,22450.0,2,36.36920782,-119.63700732,4
2011,2011-03-15,1811,3,1,18,2,Y,A,N,A,H,A,N,60,,10,G,Y,,,,B,N,N,A,1,1,0,0,21950.0,2,36.3349,-119.65519,2
2011,2011-04-11,1255,4,1,12,1,N,B,Y,A,H,A,A,01,N,03,C,,,,,C,Y,N,D,2,0,0,0,22350.0,2,36.25491586,-119.80875042,4
2011,2011-04-14,1618,4,1,16,4,N,A,Y,A,H,A,A,01,S,08,E,,,,,I,Y,N,D,1,0,0,0,22107.0,1,35.89855564,-119.8754903,2
2011,2011-04-18,402,4,1,4,1,N,A,N,A,H,C,-,- ,,01,B,,,,,E,Y,N,D,1,0,0,0,23152.0,2,36.31775,-119.6612329,4
2011,2011-05-03,1035,5,1,10,2,N,A,Y,A,D,A,D,22,S,03,C,,,,,C,Y,N,D,1,0,0,0,22350.0,2,36.03462942,-119.95897259,4
2011,2011-04-28,1033,4,1,10,4,N,A,Y,A,H,A,G,25,S,05,A,,,,Y,C,Y,N,D,1,0,0,0,21460.0,2,35.8543962,-120.02547461,3
2011,2011-04-04,911,4,1,9,1,N,A,N,A,H,A,-,- ,W,22,F,,,,,I,Y,N,D,1,0,0,0,,1,,,3
2011,2011-04-05,1435,4,1,14,2,Y,A,N,A,H,A,A,08,,08,D,,Y,,,G,N,N,A,1,0,1,0,22107.0,2,36.32804,-119.64936,2
2011,2011-05-07,2215,5,1,22,6,N,A,Y,A,H,D,A,07,N,03,C,,,,,C,Y,N,D,2,0,0,0,22350.0,3,35.94093627,-119.91880292,4
2011,2011-04-20,1725,4,1,17,3,N,B,Y,A,H,A,A,07,S,08,F,,,,,A,Y,N,D,2,0,0,0,22107.0,1,35.92223446,-119.89920127,4
2011,2011-04-19,1619,4,1,16,2,N,A,N,A,H,A,D,22,S,01,E,,,,,I,Y,N,D,1,0,0,0,23152.0,1,36.31597407,-119.77745469,4
2011,2011-04-09,1830,4,1,18,6,Y,A,N,A,H,A,A,01,,08,B,,,,,E,Y,N,A,1,0,0,0,22107.0,2,36.3134552,-119.77414727,4
2011,2011-04-07,1140,4,1,11,4,Y,C,N,B,H,A,A,07,,09,D,,,,,C,N,N,D,1,0,0,0,21800.0,3,36.31992,-119.78476,4
2011,2011-03-31,1210,3,1,12,4,Y,A,N,A,H,A,A,07,,09,D,,,,,C,Y,N,A,1,0,0,0,21802.0,2,36.40112,-119.65498,3
2011,2011-04-06,1545,4,1,15,3,Y,A,N,A,H,A,A,01,,05,D,,,,,C,Y,N,D,3,0,0,0,21752.0,2,36.37182,-119.74498,4
2011,2011-05-11,2225,5,1,22,3,N,A,Y,A,H,D,D,22,S,08,F,,,,,A,Y,N,D,2,0,0,0,22107.0,1,36.23951634,-119.60078256,3
2011,2011-05-08,1254,5,1,12,7,N,B,N,A,H,A,G,25,W,09,D,,,,Y,C,Y,M,A,1,0,0,0,21802.0,2,36.25497512,-119.63689612,3
2011,2011-05-11,1505,5,1,15,3,Y,A,N,A,H,A,F,26,,01,B,,,,Y,C,Y,N,D,2,0,0,0,23152.0,2,36.37171,-119.70894,4
2011,2011-04-26,851,4,1,8,2,-,A,N,A,H,A,A,08,,08,D,,,,,C,Y,N,D,1,0,0,0,22103.0,2,,,4
2011,2011-04-25,1645,4,1,16,1,N,A,N,A,H,A,A,01,N,03,C,,,,,C,N,F,D,1,0,0,0,22350.0,2,36.30425073,-119.63696257,4
2011,2011-04-18,1445,4,1,14,1,Y,A,N,A,H,A,A,07,,12,H,,Y,,,G,N,N,A,1,0,1,0,22450.0,2,36.3426,-119.72689,3
2011,2011-04-15,1425,4,1,14,5,N,A,Y,A,H,A,M,58,W,08,F,,,,,A,Y,N,D,3,0,0,0,22107.0,1,36.2756556,-119.82286355,3
2011,2011-04-13,1815,4,1,18,3,Y,A,Y,A,H,A,A,01,,09,D,,,,,C,Y,N,A,4,0,0,0,21802.0,2,36.31251504,-119.69740258,3
2011,2011-02-22,1043,2,4,10,2,N,A,N,A,H,A,A,01,N,09,D,,,,,C,Y,N,D,1,0,0,0,21804.0,2,36.30522658,-119.7808168,4
2011,2011-02-26,1243,2,4,12,6,N,A,N,A,H,A,A,08,N,05,D,,,,,E,Y,N,A,1,0,0,0,21650.0,2,36.29850389,-119.785796,3
2011,2011-02-23,1907,2,4,19,3,N,A,N,A,H,C,A,08,E,21,G,Y,,,,B,N,F,D,1,1,0,0,22106.0,2,36.31960654,-119.77796074,3
2011,2011-03-18,1352,3,1,13,5,Y,A,N,A,H,A,A,08,,09,D,,,,,C,Y,N,A,1,0,0,0,21803.0,2,36.29939,-119.78602,4
2011,2011-03-29,1409,3,1,14,2,N,A,N,A,H,A,A,01,S,03,C,,,,,C,N,N,D,1,0,0,0,22350.0,2,36.31513667,-119.78079915,4
2011,2011-03-05,1147,3,1,11,6,N,A,N,A,H,A,A,01,N,09,D,,,,,C,Y,N,D,1,0,0,0,21804.0,2,36.30783131,-119.78081524,4
2011,2011-03-02,743,3,1,7,3,Y,B,N,B,H,A,A,01,,09,D,,,,,C,Y,N,D,2,0,0,0,21801.0,2,36.30354,-119.78078,4
2011,2011-03-16,1110,3,1,11,3,N,C,N,B,H,A,A,01,N,03,E,,,,,I,Y,N,D,3,0,0,0,22350.0,1,36.3091544,-119.76960634,4
2011,2011-03-20,1456,3,1,14,7,N,C,N,B,H,A,A,01,W,08,E,,,,,I,Y,N,D,1,0,0,0,22107.0,1,36.27975444,-119.78090296,4
2011,2011-04-28,1641,4,1,16,4,Y,A,N,A,H,A,A,01,,09,D,,,,,C,N,N,A,1,0,0,0,21801.0,2,36.32687,-119.64409,4
2011,2011-04-21,900,4,1,9,4,N,B,Y,A,H,A,G,25,E,03,F,,,,Y,A,Y,N,D,2,0,0,0,22350.0,2,36.32586107,-119.59927425,3
2011,2011-04-20,1410,4,1,14,3,N,B,Y,A,H,A,A,01,E,12,D,,,,,C,Y,N,A,1,0,0,0,21453.0,2,36.29848027,-119.60080248,4
2011,2011-04-24,1312,4,1,13,7,Y,A,N,A,H,A,A,01,,08,D,,,,,C,Y,N,D,4,0,0,0,22107.0,2,36.31352,-119.72698,3
2011,2011-04-27,740,4,1,7,3,Y,A,N,A,H,A,A,07,,09,D,,,,,C,Y,N,A,1,0,0,0,21802.0,2,36.40197,-119.85126,4
2011,2011-04-28,1535,4,1,15,4,N,A,N,A,H,A,A,01,E,03,C,,,,,C,Y,N,D,3,0,0,0,22350.0,2,36.31353689,-119.68208214,4
2011,2011-04-28,1537,4,1,15,4,Y,A,N,A,H,A,A,01,,03,C,,,Y,,C,Y,N,D,1,0,0,1,22350.0,2,36.34395,-119.8692,4
2011,2011-04-29,2000,4,1,20,5,N,A,Y,A,H,D,A,01,S,08,F,,,,,A,Y,N,D,1,0,0,0,22107.0,1,36.34891726,-119.60568427,4
2011,2011-06-02,1629,6,2,16,4,N,A,N,A,H,A,A,01,N,03,C,,,,,C,N,N,A,1,0,0,0,22350.0,2,36.30745378,-119.78081524,4
2011,2011-05-26,826,5,1,8,4,N,A,N,A,H,A,A,01,W,05,A,,,,,C,Y,N,A,3,0,0,0,21460.0,2,36.29828503,-119.78443136,3
2011,2011-05-25,807,5,1,8,3,N,A,N,A,H,A,D,22,S,21,C,,,,,C,N,N,A,1,0,0,0,22106.0,3,36.31338212,-119.78525871,4
2011,2011-05-20,1101,5,1,11,5,Y,A,N,A,H,A,L,04,,05,D,,Y,,,G,N,N,A,1,0,1,0,21650.0,2,36.30706005,-119.78080991,4
2011,2011-05-16,819,5,1,8,1,N,A,N,A,H,A,A,01,W,08,A,,,,,C,Y,N,D,3,0,0,0,22107.0,2,36.37183669,-119.6586365,2
2011,2011-05-17,759,5,1,7,2,Y,A,N,A,H,A,A,01,,09,D,,,,,C,Y,N,A,1,0,0,0,21801.0,2,36.34271,-119.63699,4
2011,2011-04-08,1248,4,1,12,5,Y,A,N,A,H,A,L,04,,12,D,,Y,,,G,N,N,A,1,0,1,0,21453.0,2,36.32806,-119.65519,3
2011,2011-04-12,1527,4,1,15,2,N,A,N,A,H,A,-,,S,03,C,,,,,C,N,N,A,1,0,0,0,22350.0,2,36.32563704,-119.63697013,4
2011,2011-04-14,405,4,1,4,4,N,A,N,A,H,D,A,01,E,08,E,,,,,I,Y,N,D,1,0,0,0,22107.0,1,36.21091995,-119.59879421,3
2011,2011-05-24,1744,5,1,17,2,Y,A,N,A,H,A,A,07,,12,D,,,,,C,Y,N,A,3,0,0,0,22450.0,3,36.37165,-119.69102,4
2011,2011-05-12,916,5,1,9,4,N,A,Y,A,H,-,A,01,N,08,A,,,,,I,Y,N,D,1,0,0,0,22107.0,1,36.2863548,-119.8078298,2
2011,2011-05-09,1345,5,1,13,1,Y,A,Y,A,H,A,A,01,,21,C,,,,,C,N,N,D,2,0,0,0,22106.0,2,36.29031503,-119.78979259,4
2011,2011-05-04,1815,5,1,18,3,N,A,Y,A,H,A,A,01,S,03,F,,,,,J,Y,N,D,1,0,0,0,22350.0,1,36.29381402,-119.8077819,4
2011,2011-05-20,1518,5,1,15,5,Y,A,N,A,H,A,A,08,,09,D,,,,,C,Y,N,A,3,0,0,0,21802.0,2,36.36571,-119.85129,3
2011,2011-04-16,1627,4,1,16,6,N,A,N,A,H,A,A,08,E,08,B,,,,,D,Y,N,D,1,0,0,0,22103.0,2,36.30512874,-119.798799,4
2011,2011-04-26,1539,4,1,15,2,N,A,N,A,H,A,A,07,N,03,C,,,,,C,Y,N,D,2,0,0,0,22350.0,2,36.29288836,-119.79882391,4
2011,2011-04-16,2025,4,1,20,6,N,A,N,A,H,D,A,01,N,03,G,Y,,,,B,Y,N,D,1,1,0,0,22350.0,2,36.2851121,-119.78539259,4