ACCIDENT_YEAR,COLLISION_DATE,COLLISION_TIME,MONTH,SEASON,24HOURS,DAY_OF_WEEK,INTERSECTION,WEATHER_1,STATE_HWY_IND,ROAD_SURFACE,ROAD_COND_1,LIGHTING,STWD_VEHTYPE_AT_FAULT,CHP_VEHTYPE_AT_FAULT,DIRECTION,PCF_VIOL_CATEGORY,TYPE_OF_COLLISION,PEDESTRIAN_ACCIDENT,BICYCLE_ACCIDENT,MOTORCYCLE_ACCIDENT,TRUCK_ACCIDENT,MVIW,TOW_AWAY,HIT_AND_RUN,CONTROL_DEVICE,NUMBER_INJURED,COUNT_PED_INJURED,COUNT_BICYCLIST_INJURED,COUNT_MC_INJURED,PCF_VIOLATION,PARTY_COUNT,POINT_Y,POINT_X,COLLISION_SEVERITY
2011,2011-09-20,1520,9,3,15,2,N,A,Y,A,H,A,A,01,E,03,C,,,,,C,Y,N,D,1,0,0,0,22350.0,2,36.32452505,-119.63232257,4
2011,2011-09-30,1230,9,3,12,5,Y,A,N,A,H,A,A,07,,01,D,,,,,C,Y,N,A,2,0,0,0,23152.0,2,36.40114,-119.67295,3
2011,2011-09-27,545,9,3,5,2,N,A,N,A,H,D,A,07,E,09,D,,,,,C,Y,N,D,1,0,0,0,21801.0,2,36.25490403,-119.64929829,4
2011,2011-10-03,620,10,3,6,1,N,A,Y,A,H,B,A,01,S,03,C,,,,,C,Y,N,D,1,0,0,0,22350.0,2,36.38623095,-119.63705526,4
2011,2011-10-03,710,10,3,7,1,Y,A,Y,A,H,A,D,22,,12,D,,,,,C,N,N,A,1,0,0,0,22450.0,2,36.32794503,-119.8078026,4
2011,2011-10-06,355,10,3,3,4,N,B,Y,B,H,D,A,01,N,01,C,,,,Y,C,Y,M,D,1,0,0,0,23152.0,2,36.0108294,-119.99253868,3
2011,2011-09-10,1339,9,3,13,6,Y,A,N,A,H,A,D,72,,03,C,,,,,C,Y,N,D,2,0,0,0,22350.0,2,36.31337,-119.64132,4
2011,2011-09-20,1339,9,3,13,2,Y,A,N,A,H,A,A,07,,12,D,,,,,C,Y,N,A,1,0,0,0,22450.0,2,36.33493,-119.64436,4
2011,2011-09-20,1100,9,3,11,2,Y,A,N,A,H,A,N,60,,11,G,Y,,,,B,N,N,A,1,1,0,0,21950.0,2,36.32806,-119.65519,3
2011,2011-09-08,1745,9,3,17,4,Y,A,Y,A,H,A,A,01,,12,D,,,,,C,Y,N,A,1,0,0,0,21453.0,2,36.25560503,-119.89606465,4
2011,2011-09-13,1700,9,3,17,2,Y,A,Y,A,H,A,A,01,,09,D,,,,,C,Y,N,A,2,0,0,0,21802.0,2,36.32805558,-119.60095292,4
2011,2011-10-11,600,10,3,6,2,Y,-,Y,A,H,D,D,22,,09,D,,,Y,,C,Y,N,D,1,0,0,1,21801.0,2,36.25491504,-119.60074255,2
2011,2011-10-04,1455,10,3,14,2,N,B,N,A,H,A,D,22,W,17,C,,,,,C,N,N,D,1,0,0,0,22109.0,2,36.34244504,-119.81719042,4
2011,2011-10-07,1633,10,3,16,5,N,A,Y,A,H,A,-,- ,S,00,B,,,,Y,C,Y,N,D,3,0,0,0,,2,35.91559952,-119.89240034,4
2011,2011-10-10,1910,10,3,19,1,Y,A,N,A,H,E,D,72,,08,C,,,,,E,Y,N,D,2,0,0,0,22107.0,2,36.36088004,-119.66227991,3
2011,2011-10-07,1657,10,3,16,5,Y,A,N,A,H,A,D,22,,09,A,,,,,C,Y,N,A,1,0,0,0,21801.0,2,36.3349,-119.65519,3
2011,2011-10-08,2343,10,3,23,6,Y,A,N,A,H,C,A,01,,01,B,,,,,D,Y,F,A,2,0,0,0,23152.0,2,36.3349,-119.65519,4
2011,2011-10-08,850,10,3,8,6,N,A,Y,A,H,A,A,01,S,06,B,,,,Y,C,Y,N,D,3,0,0,0,21755.0,2,36.37029313,-119.80963919,2
2011,2011-09-22,2026,9,3,20,4,N,A,N,A,H,C,A,01,E,08,E,,,,,I,Y,N,A,2,0,0,0,22107.0,1,36.32582167,-119.65106539,4
2011,2011-09-19,1900,9,3,19,1,N,A,N,A,H,B,A,08,E,08,H,,Y,,,G,N,F,D,1,0,1,0,22107.0,2,36.37192506,-119.64355044,3
2011,2011-10-16,1935,10,3,19,7,N,A,N,A,H,C,A,08,E,03,C,,,,,C,Y,N,D,3,0,0,0,22350.0,3,36.3572077,-119.66831267,4
2011,2011-10-10,1329,10,3,13,1,N,A,Y,A,D,A,D,22,N,03,C,,,,,C,Y,N,A,2,0,0,0,22350.0,2,36.01539912,-119.95923507,3
2011,2011-09-14,1750,9,3,17,3,Y,A,N,A,H,A,A,01,,09,D,,,Y,,C,Y,N,D,1,0,0,1,21801.0,2,36.32803,-119.65059,3
2011,2011-09-19,1145,9,3,11,1,N,A,N,A,H,A,A,01,E,08,D,,,,,C,Y,N,D,2,0,0,0,22103.0,2,36.31421397,-119.70900227,4
2011,2011-09-30,1310,9,3,13,5,Y,A,N,A,H,A,A,01,,09,D,,,,,C,Y,N,A,2,0,0,0,21802.0,2,36.29825,-119.76286,3
2011,2011-09-03,440,9,3,4,6,N,A,N,A,H,D,A,01,N,08,E,,,,,I,Y,N,D,1,0,0,0,22107.0,1,36.13617624,-119.65340255,4
2011,2011-10-02,1620,10,3,16,7,N,A,Y,A,H,A,A,01,N,03,E,,,,,J,Y,N,D,1,0,0,0,22350.0,1,35.98326109,-119.9617157,4
2011,2011-09-12,1407,9,3,14,1,N,A,N,A,H,A,A,01,W,21,C,,,,,C,N,N,A,1,0,0,0,22106.0,2,36.31345504,-119.78094148,4
2011,2011-08-23,1816,8,2,18,2,N,A,N,A,H,A,A,01,S,21,C,,,,,C,N,N,A,1,0,0,0,22106.0,2,36.31351915,-119.78529181,4
2011,2011-08-28,1110,8,2,11,7,N,A,N,A,H,A,A,01,N,09,D,,,,,C,Y,N,D,2,0,0,0,21804.0,2,36.30565198,-119.78080935,4
2011,2011-08-11,1125,8,2,11,4,N,A,Y,A,H,A,A,01,E,21,C,,,,,C,Y,N,A,1,0,0,0,22106.0,2,36.2862624,-119.79875024,4
2011,2011-10-28,2135,10,3,21,5,Y,A,N,A,H,D,D,22,,01,F,,,,,I,Y,N,D,2,0,0,0,23153.0,1,36.35223,-119.63219,3
2011,2011-09-18,315,9,3,3,7,Y,A,N,A,H,D,D,22,,01,E,,,,,I,Y,N,A,1,0,0,0,23152.0,1,36.21117,-119.65494,2
2011,2011-10-26,1420,10,3,14,3,Y,A,N,A,H,A,D,72,,09,C,,,,,C,Y,N,A,1,0,0,0,21453.0,2,36.34271,-119.63699,4
2011,2011-09-27,845,9,3,8,2,N,A,Y,A,D,A,G,25,N,03,C,,,,Y,C,Y,N,A,1,0,0,0,22350.0,2,36.00360025,-119.95941565,3
2011,2011-09-13,719,9,3,7,2,N,A,N,A,H,A,L,04,E,08,C,,Y,,,G,Y,N,D,1,0,1,0,22107.0,2,36.31436464,-119.70784174,3
2011,2011-09-15,1732,9,3,17,4,Y,A,N,A,H,A,A,01,,01,D,,,,,C,Y,F,A,2,0,0,0,23152.0,3,36.31344,-119.66494,3
2011,2011-09-17,1451,9,3,14,6,Y,A,N,A,H,A,A,01,,03,C,,,,,C,Y,N,D,2,0,0,0,22350.0,2,36.32551142,-119.66845393,4
2011,2011-09-16,1920,9,3,19,5,Y,A,N,A,H,C,C,06,,01,E,,,Y,,I,Y,N,D,1,0,0,1,23152.0,1,36.30913105,-119.66434121,2
2011,2011-10-18,825,10,3,8,2,N,A,N,A,H,A,G,25,E,03,F,,,,Y,A,Y,N,D,1,0,0,0,22350.0,1,36.32857398,-119.85133705,3
2011,2011-11-04,1037,11,3,10,5,Y,A,Y,A,H,A,A,01,,12,D,,,,,C,Y,N,A,2,0,0,0,22450.0,2,36.23925425,-119.8164382,3
2011,2011-10-27,603,10,3,6,4,Y,A,N,A,H,D,D,22,,12,D,,,,Y,C,Y,N,A,2,0,0,0,22450.0,2,36.29852,-119.58307,2
2011,2011-09-27,730,9,3,7,2,Y,A,N,A,H,A,C,06,,10,G,Y,,Y,,B,Y,N,A,1,1,0,0,21950.0,2,36.34995,-119.637,3
2011,2011-09-27,750,9,3,7,2,N,A,N,A,H,A,A,01,S,09,A,,,,,C,Y,N,D,1,0,0,0,21801.0,2,36.335718,-119.64605377,4
2011,2011-10-05,825,10,3,8,3,Y,C,N,B,H,A,A,01,,09,D,,,,,C,Y,N,A,2,0,0,0,21802.0,2,36.34263004,-119.68191988,4
2011,2011-09-30,1647,9,3,16,5,Y,A,N,A,H,A,L,04,,09,A,,Y,,,G,N,N,A,1,0,1,0,21802.0,2,36.35403006,-119.64150988,4
2011,2011-10-15,135,10,3,1,6,N,A,N,A,B,D,A,08,W,08,F,,,,,A,Y,N,D,2,0,0,0,22107.0,1,36.24024504,-119.69292169,2
2011,2011-09-28,1855,9,3,18,3,Y,A,Y,A,H,C,A,01,,17,A,,,,,C,Y,N,A,1,0,0,0,21451.0,2,36.31342503,-119.8081226,4
2011,2011-10-18,845,10,3,8,2,N,A,N,A,H,A,D,72,E,03,C,,,,,C,N,N,A,1,0,0,0,22350.0,2,36.34267736,-119.65893187,4
2011,2011-10-25,655,10,3,6,2,N,A,Y,A,H,C,D,72,E,03,C,,,,,C,N,N,A,2,0,0,0,22350.0,2,36.31342503,-119.8077726,4
2011,2011-09-19,757,9,3,7,1,N,A,N,A,H,A,A,07,E,03,C,,,,,E,Y,N,D,1,0,0,0,22350.0,2,36.30069374,-119.77721112,4
2011,2011-11-08,1445,11,3,14,2,Y,A,Y,A,H,A,D,22,,09,D,,,,,C,N,N,A,1,0,0,0,21802.0,2,36.32296504,-119.64537257,4
2011,2011-10-21,725,10,3,7,5,Y,A,N,A,H,A,A,01,,09,D,,,,,C,Y,N,D,3,0,0,0,21800.0,2,36.32985,-119.6877,3
2011,2011-09-25,330,9,3,3,7,Y,A,N,A,H,D,C,02,,01,E,,,Y,,I,Y,N,A,1,0,0,1,23152.0,1,36.32803,-119.7633,3
2011,2011-10-13,1102,10,3,11,4,N,A,Y,A,H,A,A,01,S,09,D,,,,,C,Y,N,A,1,0,0,0,21802.0,2,36.31251504,-119.69740258,4
2011,2011-10-07,840,10,3,8,5,Y,A,N,A,H,A,A,08,,- ,D,,,,,C,Y,N,A,3,0,0,0,,2,36.29847,-119.70926,3
2011,2011-10-01,745,10,3,7,6,N,A,Y,A,H,A,A,08,S,08,D,,,,,C,Y,N,D,3,0,0,0,22107.0,2,36.10459026,-119.55011348,3
2011,2011-10-10,1700,10,3,17,1,N,A,N,A,H,A,A,01,,03,E,,,,,I,Y,N,D,1,0,0,0,22350.0,1,36.31868104,-119.67814207,3
2011,2011-10-05,929,10,3,9,3,Y,C,N,B,H,A,L,04,,12,D,,Y,,,G,N,N,A,1,0,1,0,21453.0,2,36.32092,-119.65515,4
2011,2011-10-12,1530,10,3,15,3,Y,A,N,A,H,A,A,07,,03,D,,,,,C,Y,N,D,2,0,0,0,22350.0,2,36.33309,-119.65744,4
2011,2011-08-18,2000,8,2,20,4,Y,A,N,A,H,C,-,- ,,- ,G,,Y,,,G,N,N,D,1,0,1,0,,2,36.33674,-119.65368,3
2011,2011-08-19,757,8,2,7,5,Y,A,N,A,H,A,L,04,,05,D,,Y,,,G,N,N,A,1,0,1,0,21202.0,2,36.32375,-119.63695,3
2011,2011-10-24,1225,10,3,12,1,N,B,Y,A,H,A,A,01,N,08,E,,,,,I,Y,N,D,1,0,0,0,22107.0,1,35.98708499,-119.96615259,3
2011,2011-10-25,945,10,3,9,2,N,A,Y,A,H,A,A,01,S,03,C,,,,,C,Y,N,D,2,0,0,0,22350.0,2,35.92999131,-119.90711072,4
2011,2011-10-11,605,10,3,6,2,Y,A,N,A,H,C,A,01,,03,C,,,,,C,Y,N,A,1,0,0,0,22350.0,2,36.32797,-119.63697,3
2011,2011-10-20,1214,10,3,12,4,Y,A,N,A,H,A,-,- ,,12,D,,,,,C,N,N,A,2,0,0,0,21453.0,2,36.32806,-119.65519,4
2011,2011-10-14,1716,10,3,17,5,N,A,N,A,H,A,L,04,N,05,D,,Y,,,G,N,N,D,1,0,1,0,21202.0,2,36.3409768,-119.65512154,3
2011,2011-10-23,2323,10,3,23,7,Y,A,N,A,H,D,A,01,,12,D,,,,,C,Y,N,A,1,0,0,0,22450.0,2,36.32807,-119.74476,4
2011,2011-10-27,1450,10,3,14,4,Y,A,N,A,H,A,A,01,,03,C,,,,,C,Y,N,D,1,0,0,0,22350.0,2,36.25459,-119.78082,3
2011,2011-10-27,1610,10,3,16,4,Y,A,N,A,H,A,A,01,,03,C,,,,,C,Y,N,D,1,0,0,0,22350.0,2,36.31361,-119.69102,4
2011,2011-11-02,1250,11,3,12,3,N,A,Y,A,H,A,A,01,E,03,C,,,,,C,Y,N,D,1,0,0,0,22350.0,2,36.31906297,-119.67058875,4
2011,2011-09-26,1730,9,3,17,1,Y,A,N,A,H,A,L,04,,17,H,,Y,,,G,N,N,A,1,0,1,0,21663.0,2,36.29824,-119.78978,3
2011,2011-09-27,756,9,3,7,2,Y,A,N,A,D,A,A,07,,08,B,,,,,C,N,N,D,1,0,0,0,22100.0,2,36.30101,-119.79125,4
2011,2011-09-09,1713,9,3,17,5,N,A,N,A,H,A,A,01,N,08,D,,,,,C,Y,M,D,1,0,0,0,22107.0,2,36.30317797,-119.78079259,3
2011,2011-09-15,400,9,3,4,4,Y,A,N,A,H,C,A,01,,01,E,,,,,I,Y,N,D,1,0,0,0,23152.0,1,36.31559,-119.78514,3
2011,2011-09-21,805,9,3,8,3,N,A,N,A,H,A,L,04,E,17,H,,Y,,,G,N,N,D,1,0,1,0,21663.0,2,36.29825504,-119.78834803,3
2011,2011-10-07,2013,10,3,20,5,N,A,N,A,H,C,N,60,W,11,G,Y,,,,B,N,N,D,1,1,0,0,21954.0,2,36.31345504,-119.77796763,4
2011,2011-10-06,819,10,3,8,4,N,A,Y,A,H,A,A,01,N,08,E,,,,,I,N,N,D,1,0,0,0,22107.0,1,36.29158503,-119.78461259,3
2011,2011-10-09,1620,10,3,16,7,N,A,N,A,H,A,A,01,S,04,C,,,,,C,N,N,D,1,0,0,0,21703.0,2,36.29607484,-119.78981259,4
2011,2011-10-22,1530,10,3,15,6,N,A,N,A,H,A,A,07,W,09,A,,,,,C,Y,N,D,1,0,0,0,21804.0,2,36.31343503,-119.78201598,3
2011,2011-10-25,1610,10,3,16,2,N,A,N,A,H,A,-,- ,S,00,A,Y,,,,B,Y,N,D,2,2,0,0,,4,,,3
2011,2011-10-15,1845,10,3,18,6,Y,A,N,A,H,D,A,01,,09,H,,Y,,,G,N,N,D,1,0,1,0,21804.0,2,36.334,-119.64436,3
2011,2011-10-26,1042,10,3,10,3,Y,A,N,A,H,A,A,01,,10,G,Y,,,,B,N,N,D,1,1,0,0,21950.0,2,36.32746,-119.64752,4
2011,2011-10-21,1212,10,3,12,5,Y,A,N,A,H,A,A,07,,09,D,,,,,C,Y,N,D,2,0,0,0,21801.0,2,36.34264,-119.67141,4
2011,2011-10-14,1940,10,3,19,5,Y,A,N,A,H,C,A,01,,10,G,Y,,,,B,N,N,D,1,1,0,0,21950.0,2,36.32535,-119.65585,3
2011,2011-11-03,1430,11,3,14,4,Y,A,N,A,H,A,D,72,,04,C,,,,,C,N,N,D,2,0,0,0,21703.0,2,36.35725005,-119.65708991,4
2011,2011-11-11,1437,11,3,14,5,N,B,N,B,H,A,A,08,S,09,D,,,,,C,Y,N,A,1,0,0,0,21804.0,2,36.32525,-119.65516,4
2011,2011-11-03,1417,11,3,14,4,Y,A,Y,A,H,A,D,72,,10,G,Y,,,,B,N,N,A,1,1,0,0,21950.0,2,36.32221504,-119.64926257,3
2011,2011-11-07,1309,11,3,13,1,N,A,Y,A,H,A,F,27,N,03,C,,,,Y,C,N,N,D,2,0,0,0,22350.0,2,36.33384957,-119.60096688,4
2011,2011-11-10,1605,11,3,16,4,N,B,N,A,H,A,N,60,W,11,G,Y,,,,B,N,N,D,1,1,0,0,21954.0,2,36.32799761,-119.61086427,3
2011,2011-10-30,500,10,3,5,7,N,A,Y,A,H,D,A,01,N,08,E,,,,,I,Y,N,D,1,0,0,0,22107.0,1,35.80230136,-119.79209401,4
2011,2011-10-23,1100,10,3,11,7,Y,A,N,A,H,A,A,01,,03,H,,Y,,,G,N,N,A,1,0,1,0,22350.0,2,36.32797,-119.63697,4
2011,2011-10-21,2146,10,3,21,5,N,A,N,A,H,C,A,01,,01,D,,,,,C,Y,N,D,1,0,0,0,23152.0,2,36.3372,-119.64275,4
2011,2011-10-21,2110,10,3,21,5,Y,A,N,A,H,C,A,01,,01,E,,,,,I,N,N,D,1,0,0,0,23152.0,1,36.31352,-119.66276,3
2011,2011-11-08,1110,11,3,11,2,Y,A,N,A,H,A,A,01,,09,A,,,,,C,Y,N,A,1,0,0,0,21801.0,2,36.32613,-119.6489,4
2011,2011-11-09,808,11,3,8,3,N,A,Y,A,H,A,G,25,W,03,F,,,,Y,A,Y,N,D,1,0,0,0,22350.0,2,36.32485495,-119.60215429,3
2011,2011-11-09,1312,11,3,13,3,N,B,N,A,H,A,A,01,N,03,C,,,,,C,Y,N,A,1,0,0,0,22350.0,2,36.34271,-119.63699,4
2011,2011-11-04,1141,11,3,11,5,Y,B,N,A,H,A,A,01,,03,C,,,,,C,Y,N,D,1,0,0,0,22350.0,2,36.36346,-119.65505,4
2011,2011-11-15,715,11,3,7,2,Y,B,Y,A,H,A,A,01,,09,D,,,,,C,Y,N,A,2,0,0,0,21802.0,2,36.40097066,-119.63696571,2
2011,2011-11-15,345,11,3,3,2,N,A,N,A,H,D,A,01,W,03,E,,,,,I,N,N,A,1,0,0,0,22350.0,1,36.18939541,-119.69063034,4
2011,2011-08-08,1729,8,2,17,1,Y,A,N,A,H,A,A,01,,09,D,,,,,C,N,N,A,1,0,0,0,21801.0,2,36.09806,-119.57204,4
2011,2011-08-23,751,8,2,7,2,Y,A,N,A,H,A,A,07,,10,G,Y,,,,B,N,F,D,1,1,0,0,21950.0,2,36.0926,-119.56645,3
2011,2011-08-28,805,8,2,8,7,-,A,N,A,H,A,A,01,,07,E,,,,,I,Y,N,D,2,0,0,0,21658.0,2,36.08712,-119.57202,4
2011,2011-10-31,1703,10,3,17,1,Y,A,N,A,H,A,A,01,,08,A,,,,,C,N,N,D,1,0,0,0,22107.0,2,36.09804,-119.56358,3
2011,2011-10-04,1129,10,3,11,2,N,A,N,A,G,A,A,08,E,03,E,,,,,I,Y,N,D,1,0,0,0,22350.0,1,36.08532503,-119.56940423,4
2011,2011-11-12,1935,11,3,19,6,N,B,N,B,H,A,A,07,S,03,C,,,,,C,Y,F,D,4,0,0,0,22350.0,3,36.32256,-119.63698,3
2011,2011-11-15,604,11,3,6,2,Y,A,N,A,H,B,A,07,,12,D,,,,,C,Y,N,A,3,0,0,0,21453.0,2,36.32806,-119.66848,4
2011,2011-11-09,2018,11,3,20,3,N,A,N,A,H,C,A,07,W,03,C,,,,,C,Y,N,A,1,0,0,0,22350.0,2,36.31348504,-119.76284686,4
2011,2011-11-07,204,11,3,2,1,N,B,Y,A,H,D,A,01,N,07,C,,,,,C,Y,F,D,2,0,0,0,21658.0,2,36.33330013,-119.808203,4
2011,2011-09-02,2134,9,3,21,5,N,A,N,A,H,C,A,01,,10,G,,,,,B,Y,F,A,1,0,0,0,21950.0,1,36.09806,-119.57204,4
2011,2011-11-05,1657,11,3,16,6,N,B,N,A,H,A,A,01,W,09,B,,,,,D,Y,N,D,1,0,0,0,21804.0,2,,,4
2011,2011-11-07,1527,11,3,15,1,N,A,N,A,H,A,A,08,N,09,D,,,,,C,Y,N,D,1,0,0,0,21801.0,2,36.34315294,-119.64604139,4
2011,2011-11-14,1513,11,3,15,1,N,A,N,A,H,A,A,01,E,03,C,,,,,C,Y,N,D,1,0,0,0,22350.0,2,36.32807504,-119.66747514,4
2011,2011-11-14,1215,11,3,12,1,N,A,N,A,H,A,A,01,S,03,C,,,,,C,Y,N,D,1,0,0,0,22350.0,2,36.32768139,-119.61917189,4
2011,2011-11-03,330,11,3,3,4,N,A,Y,A,H,D,A,01,N,08,E,,,,,I,Y,M,D,1,0,0,0,22107.0,1,36.23995192,-119.60078255,2
2011,2011-10-21,1750,10,3,17,5,Y,A,N,A,H,B,A,01,,09,D,,,,,C,Y,N,A,1,0,0,0,21802.0,2,36.33217,-119.64274,4
2011,2011-12-13,648,12,4,6,2,N,B,N,A,H,B,A,07,W,08,A,,,,,C,Y,N,D,1,0,0,0,22107.0,2,36.34258549,-119.73586007,1
2012,2012-01-12,528,1,4,5,4,N,A,Y,A,H,D,A,01,N,06,A,,,,,C,Y,N,D,1,0,0,0,21751.0,3,36.43953054,-119.63619781,1
2012,2012-01-25,935,1,4,9,3,N,E,N,A,H,A,A,01,E,03,D,,,,Y,C,Y,N,D,0,0,0,0,22350.0,2,36.37191345,-119.574063,1
2012,2012-02-17,1800,2,4,18,5,N,A,Y,A,H,E,A,01,S,09,D,,,,,C,Y,N,D,2,0,0,0,21801.0,3,36.25482503,-119.80879259,1
2011,2011-11-21,730,11,3,7,1,N,E,N,B,H,A,A,07,S,03,C,,,,Y,C,Y,N,D,1,0,0,0,22350.0,2,36.26902327,-119.78092259,3
2011,2011-11-23,1700,11,3,17,3,Y,A,Y,A,H,B,A,01,,09,D,,,,,C,Y,N,D,1,0,0,0,21802.0,2,36.25482503,-119.80879259,4
2011,2011-11-23,930,11,3,9,3,Y,E,Y,A,H,A,A,01,,12,D,,,,,C,Y,N,A,1,0,0,0,21453.0,2,36.2108988,-119.60058226,4
2011,2011-11-19,845,11,3,8,6,N,A,N,A,H,A,A,01,,03,C,,,,,E,Y,M,D,1,0,0,0,22350.0,2,36.33654,-119.67145,4
2011,2011-11-23,1404,11,3,14,3,N,A,N,A,H,A,I,09,,09,D,,,,,C,Y,N,D,1,0,0,0,21804.0,2,36.32525,-119.65516,4
2011,2011-11-23,925,11,3,9,3,N,E,Y,A,H,A,D,22,W,01,B,,,,Y,C,Y,N,D,1,0,0,0,23152.0,2,36.32815297,-119.56968807,3
2011,2011-01-24,1,1,4,0,1,N,A,N,A,H,D,A,07,N,01,F,,,,,A,Y,N,D,1,0,0,0,23152.0,1,36.1915091,-119.76259532,3
2011,2011-11-23,744,11,3,7,3,N,E,Y,B,H,A,A,08,E,03,C,,,,,C,Y,N,A,2,0,0,0,22350.0,2,36.34247504,-119.8078726,4
2011,2011-11-27,635,11,3,6,7,N,E,N,A,H,B,A,07,E,01,F,,,,,A,N,N,D,1,0,0,0,23152.0,1,36.24022972,-119.73958871,3
2011,2011-11-26,1338,11,3,13,6,N,A,Y,A,H,A,A,01,N,08,E,,,,,I,Y,N,D,6,0,0,0,22107.0,1,35.84062291,-119.82080214,3
2011,2011-11-12,1740,11,3,17,6,N,A,Y,A,H,C,A,01,N,03,C,,,,,C,N,N,A,1,0,0,0,22350.0,2,36.31809504,-119.67696258,4
2011,2011-11-17,1233,11,3,12,4,Y,A,N,A,H,A,A,01,,09,D,,,,,D,Y,N,A,1,0,0,0,21800.0,2,36.32364,-119.64498,3
2011,2011-12-01,1932,12,4,19,4,N,A,Y,A,H,D,A,01,W,03,C,,,,,C,N,N,D,1,0,0,0,22350.0,3,36.3279578,-119.48592078,4
2011,2011-12-02,1232,12,4,12,5,N,A,Y,A,H,A,A,01,S,03,C,,,,,C,Y,F,A,1,0,0,0,22350.0,2,36.21062293,-119.60057725,3
2011,2011-11-17,1635,11,3,16,4,N,A,Y,A,H,A,A,01,N,08,F,,,,,A,Y,N,D,1,0,0,0,22107.0,1,36.02955072,-120.0215574,2
2011,2011-11-18,1634,11,3,16,5,Y,B,Y,A,D,A,A,01,,12,D,,,,,C,Y,N,A,1,0,0,0,21453.0,2,35.98027675,-119.96091074,4
2011,2011-11-14,1223,11,3,12,1,N,A,Y,A,H,A,A,01,S,01,D,,,,,C,Y,N,D,1,0,0,0,23152.0,2,36.29552842,-119.80777274,4
2011,2011-12-10,1639,12,4,16,6,Y,A,N,A,H,A,C,02,,09,D,,,Y,,C,Y,N,A,1,0,0,1,21802.0,2,36.31325,-119.76939,4
2011,2011-12-02,1328,12,4,13,5,N,A,N,A,H,A,A,01,S,03,C,,,,,C,Y,N,D,1,0,0,0,22350.0,2,36.3112284,-119.78086753,3
2011,2011-10-03,805,10,3,8,1,Y,A,N,A,H,A,A,01,,12,D,,Y,,,G,N,F,A,1,0,1,0,22450.0,2,36.29828,-119.79252,3
2011,2011-10-30,1007,10,3,10,7,Y,A,N,A,H,A,A,01,,09,D,,,,,C,N,N,D,1,0,0,0,21801.0,2,36.3145,-119.77744,4
2011,2011-12-05,1434,12,4,14,1,N,A,N,A,H,A,A,07,N,03,C,,,,,C,Y,N,D,1,0,0,0,22350.0,2,36.33533029,-119.64605813,4
2011,2011-11-29,1000,11,3,10,2,N,A,N,A,H,A,A,01,N,08,B,,,,,C,Y,N,D,1,0,0,0,22107.0,2,36.330502,-119.64605117,4
2011,2011-11-04,2337,11,3,23,5,Y,A,N,A,H,C,N,60,,11,G,Y,,,,B,N,N,D,1,1,0,0,21954.0,2,36.32521,-119.66412,2
2011,2011-11-26,1947,11,3,19,6,Y,A,N,A,H,C,L,04,,05,A,,Y,,,G,N,N,A,1,0,1,0,21650.0,2,36.32092,-119.65515,4
2011,2011-12-01,1910,12,4,19,4,Y,A,Y,A,H,D,A,08,,01,D,,,,,C,Y,F,A,2,0,0,0,23152.0,2,36.32818682,-119.49279433,3
2011,2011-12-02,2140,12,4,21,5,N,A,N,A,H,D,D,22,,03,E,,,,,I,Y,N,D,1,0,0,0,22350.0,1,36.33588375,-119.65651941,4
2011,2011-11-26,2021,11,3,20,6,Y,A,N,A,H,C,A,01,,09,D,,,,,C,Y,N,A,1,0,0,0,21804.0,2,36.34266,-119.6551,4
2011,2011-11-29,1240,11,3,12,2,N,A,Y,A,H,A,A,07,E,08,F,,,,,A,Y,N,D,2,0,0,0,22107.0,1,36.25722252,-119.86479083,2
2011,2011-12-09,1444,12,4,14,5,N,A,N,A,H,A,N,60,S,11,G,Y,,,,B,N,N,D,1,1,0,0,21954.0,2,36.29451446,-119.78982497,3
2011,2011-12-01,1540,12,4,15,4,N,A,Y,A,H,A,A,01,E,03,C,,,,,C,Y,N,D,2,0,0,0,22350.0,2,36.30046608,-119.7435223,3
2011,2011-12-01,1650,12,4,16,4,Y,A,N,A,H,C,A,01,,03,C,,,,,C,N,N,A,2,0,0,0,22350.0,2,,,4
2011,2011-12-08,1554,12,4,15,4,Y,A,N,A,H,A,L,04,,05,H,,Y,,,G,N,N,A,1,0,1,0,21650.0,2,36.31354,-119.66693,3
2011,2011-12-14,1556,12,4,15,3,Y,A,N,A,H,A,A,01,,09,D,,,,,C,N,N,A,2,0,0,0,21802.0,2,36.33118,-119.64932,4
2011,2011-12-08,1622,12,4,16,4,N,A,N,A,H,A,D,72,S,03,C,,,,,C,Y,N,A,1,0,0,0,22350.0,2,36.33381,-119.65521,3
2011,2011-12-14,230,12,4,2,3,N,A,N,A,H,D,A,01,N,08,F,,,,,A,Y,N,D,1,0,0,0,22107.0,1,36.19237972,-119.94161823,4
2011,2011-12-19,822,12,4,8,1,N,E,N,B,H,B,A,07,S,03,F,,,,,A,Y,N,A,1,0,0,0,22350.0,1,36.40131308,-119.69549136,4
2011,2011-12-19,1942,12,4,19,1,N,A,N,A,H,D,A,01,E,01,C,,,,,C,Y,N,D,3,0,0,0,23152.0,2,36.29854318,-119.57592129,3
2011,2011-12-10,1350,12,4,13,6,N,A,N,A,H,A,C,02,E,03,F,,,Y,,A,Y,N,D,1,0,0,1,22350.0,1,36.34287506,-119.52241392,3
2011,2011-12-15,1510,12,4,15,4,Y,B,N,A,H,A,A,07,,09,D,,,,,C,Y,N,A,1,0,0,0,21802.0,2,36.29779,-119.49214,4
2011,2011-12-16,1404,12,4,14,5,N,B,N,A,H,A,A,01,N,09,D,,,,,C,Y,N,A,1,0,0,0,21804.0,2,36.32809,-119.66298,4
2011,2011-12-14,1730,12,4,17,3,N,A,N,A,H,C,A,01,S,03,C,,,,,C,Y,N,D,1,0,0,0,22350.0,2,36.34806645,-119.67284258,4