ACCIDENT_YEAR,COLLISION_DATE,COLLISION_TIME,MONTH,SEASON,24HOURS,DAY_OF_WEEK,INTERSECTION,WEATHER_1,STATE_HWY_IND,ROAD_SURFACE,ROAD_COND_1,LIGHTING,STWD_VEHTYPE_AT_FAULT,CHP_VEHTYPE_AT_FAULT,DIRECTION,PCF_VIOL_CATEGORY,TYPE_OF_COLLISION,PEDESTRIAN_ACCIDENT,BICYCLE_ACCIDENT,MOTORCYCLE_ACCIDENT,TRUCK_ACCIDENT,MVIW,TOW_AWAY,HIT_AND_RUN,CONTROL_DEVICE,NUMBER_INJURED,COUNT_PED_INJURED,COUNT_BICYCLIST_INJURED,COUNT_MC_INJURED,PCF_VIOLATION,PARTY_COUNT,POINT_Y,POINT_X,COLLISION_SEVERITY
2018,2018-06-09,1130,6,2,11,6,N,A,N,A,H,A,-,,W,03,E,,,,,I,Y,N,D,1,0,0,0,22350.0,1,36.313438415527344,-119.7853546142578,3
2018,2018-06-02,1630,6,2,16,6,N,A,N,A,H,A,A,01,N,21,C,,,,,C,N,N,D,1,0,0,0,22106.0,2,36.29831314086913,-119.80626678466795,4
2018,2018-05-10,1638,5,1,16,4,Y,A,N,A,H,A,A,01,,21,C,,,,,C,Y,N,A,1,0,0,0,22106.0,2,36.34268951416016,-119.63706207275392,4
2018,2018-05-18,1431,5,1,14,5,Y,A,Y,A,H,A,A,07,,09,D,,,,,C,Y,N,D,3,0,0,0,21802.0,2,36.28474426269531,-119.80791473388672,4
2018,2018-05-22,1816,5,1,18,2,N,A,N,A,H,A,A,01,N,09,D,,,,,C,N,N,D,2,0,0,0,21802.0,2,36.28375244140625,-119.79892730712892,3
2018,2018-05-07,1840,5,1,18,1,Y,A,N,A,H,A,A,01,,12,A,,,,,D,Y,N,D,2,0,0,0,22450.0,2,36.31340026855469,-119.79424285888672,4
2018,2018-05-02,1552,5,1,15,3,N,A,N,A,H,A,A,01,S,09,D,,,,,C,N,N,D,2,0,0,0,21804.0,2,36.31275939941406,-119.78079223632812,3
2018,2018-06-06,2117,6,2,21,3,-,A,N,A,H,C,A,01,,03,C,,,,,C,Y,N,D,3,0,0,0,22350.0,2,36.33775229,-119.62349027,3
2018,2018-04-09,741,4,1,7,1,Y,A,N,A,H,A,A,07,,03,C,,,,,C,N,N,A,1,0,0,0,22350.0,2,36.09801864624024,-119.55728149414062,4
2018,2018-03-25,626,3,1,6,7,-,A,N,A,H,B,A,01,,21,C,,,,,C,Y,F,D,2,0,0,0,22106.0,2,36.09444046020508,-119.57205963134766,3
2018,2018-03-06,1854,3,1,18,2,N,A,N,A,H,C,A,07,S,04,C,,,,,C,Y,N,A,1,0,0,0,21703.0,2,,,4
2018,2018-03-04,845,3,1,8,7,Y,A,N,A,H,A,A,01,,00,D,,,Y,,C,N,N,A,1,0,0,1,21435.0,2,36.09806823730469,-119.57205200195312,3
2018,2018-01-28,1950,1,4,19,7,-,A,N,A,H,C,-,- ,,00,E,,,,,J,N,N,D,1,0,0,0,,1,36.09444046020508,-119.57205963134766,4
2018,2018-01-07,2226,1,4,22,7,Y,A,N,A,H,C,A,07,,08,E,,,,,I,Y,N,A,1,0,0,0,22107.0,1,36.09806823730469,-119.57205200195312,3
2018,2018-01-14,1843,1,4,18,7,Y,A,N,A,H,C,A,07,,09,D,,,,,C,Y,N,A,2,0,0,0,21801.0,2,36.09806823730469,-119.57205200195312,3
2018,2018-02-22,807,2,4,8,4,Y,A,N,A,H,A,A,07,,21,D,,,,,C,N,N,A,1,0,0,0,22106.0,2,36.09078979492188,-119.56307983398438,4
2018,2018-07-25,1513,7,2,15,3,Y,A,Y,A,H,A,D,72,,09,E,,,,,I,Y,N,A,1,0,0,0,21801.0,2,36.32435607910156,-119.6188507080078,4
2018,2018-03-19,650,3,1,6,1,Y,A,N,A,H,A,D,22,,09,D,,,,,C,N,N,A,1,0,0,0,21804.0,2,36.08531951904297,-119.56752777099608,4
2018,2018-04-12,1157,4,1,11,4,Y,A,N,A,H,A,D,22,,11,G,Y,,,,B,N,N,D,1,1,0,0,21954.0,2,36.09988021850586,-119.57093048095705,3
2018,2018-04-10,1438,4,1,14,2,Y,A,N,A,H,A,A,08,,09,D,,,,,C,Y,N,D,2,0,0,0,21800.0,3,36.09260177612305,-119.5664520263672,3
2018,2018-03-27,1837,3,1,18,2,-,A,N,A,H,A,A,71,,02,C,,,,,C,N,N,D,1,0,0,0,22400.0,2,,,4
2018,2018-02-03,1453,2,4,14,6,-,A,N,A,H,A,D,22,,08,G,Y,,,,B,N,N,D,1,1,0,0,22107.0,2,36.0966682434082,-119.5610122680664,2
2018,2018-04-20,755,4,1,7,5,Y,A,N,A,H,A,A,08,,09,B,,,,,C,N,N,A,1,0,0,0,21801.0,2,36.094459533691406,-119.58097839355467,4
2018,2018-04-06,1323,4,1,13,5,Y,A,N,A,H,A,A,07,,12,D,,,,,C,Y,N,A,4,0,0,0,21453.0,2,36.098041534423835,-119.56752014160156,3
2018,2018-07-20,2122,7,2,21,5,N,A,N,A,H,C,A,01,N,03,E,,,,,I,Y,N,D,1,0,0,0,22350.0,1,,,3
2018,2018-07-05,1923,7,2,19,4,Y,A,N,A,H,A,L,04,,12,H,,Y,,,G,N,N,A,1,0,1,0,22450.0,2,36.33216094970703,-119.64273071289062,3
2018,2018-07-20,1633,7,2,16,5,-,A,N,A,H,A,A,08,,08,E,,,,,I,Y,N,A,1,0,0,0,22107.0,1,36.31344985961913,-119.6549835205078,4
2018,2018-07-19,1807,7,2,18,4,-,A,N,A,H,A,A,01,,01,C,,,,,C,N,N,D,1,0,0,0,23152.0,2,36.325196,-119.662718,4
2018,2018-08-11,130,8,2,1,6,N,A,N,A,H,C,A,07,E,01,C,,,,,E,Y,N,D,1,0,0,0,23152.0,2,,,2
2018,2018-08-14,930,8,2,9,2,N,A,N,A,H,A,A,01,S,01,A,,,,,E,Y,N,A,1,0,0,0,23152.0,3,36.32880401611328,-119.6411361694336,2
2018,2018-08-14,1407,8,2,14,2,Y,A,N,A,H,A,F,76,,08,D,,,,Y,C,Y,N,A,1,0,0,0,22100.0,2,36.31344985961913,-119.6549835205078,4
2018,2018-08-16,1653,8,2,16,4,Y,A,N,A,H,A,A,01,,03,C,,,,,C,Y,N,D,1,0,0,0,22350.0,3,36.3426513671875,-119.66610717773438,3
2018,2018-08-08,2303,8,2,23,3,N,A,N,A,H,D,A,01,E,08,B,,,,,E,Y,N,D,1,0,0,0,22107.0,3,36.30412673950195,-119.65460205078124,3
2018,2018-08-18,1647,8,2,16,6,Y,A,N,A,H,A,A,01,,21,C,,,,,C,N,N,A,1,0,0,0,22106.0,3,36.32292175292969,-119.67302703857422,4
2018,2018-08-16,1608,8,2,16,4,Y,A,N,A,H,A,A,01,,12,D,,,,,C,Y,N,A,3,0,0,0,21453.0,4,36.33654022216797,-119.67291259765624,3
2018,2018-08-19,827,8,2,8,7,N,A,N,A,H,A,A,01,N,01,E,,,,,I,Y,N,A,1,0,0,0,23152.0,2,,,3
2018,2018-08-15,1502,8,2,15,3,N,A,N,A,H,A,C,02,E,03,H,,,Y,,I,Y,N,A,1,0,0,1,22350.0,1,36.32804870605469,-119.65486145019533,3
2018,2018-08-19,2320,8,2,23,7,Y,A,N,A,H,D,F,76,,03,E,,,,Y,I,Y,M,D,2,0,0,0,22350.0,1,36.328,-119.62125,3
2018,2018-06-28,1934,6,2,19,4,Y,A,N,A,H,A,D,72,,12,A,,,,,C,N,N,A,1,0,0,0,21453.0,2,36.32612991333008,-119.64888763427734,3
2018,2018-08-06,1530,8,2,15,1,Y,A,N,A,H,A,D,72,,12,D,,,,,C,Y,N,A,2,0,0,0,21453.0,3,36.342681884765625,-119.64930725097656,4
2018,2018-08-14,1907,8,2,19,2,N,A,N,A,H,A,A,01,N,03,C,,,,,C,Y,N,A,2,0,0,0,22350.0,3,36.33222198486328,-119.64608001708984,3
2018,2018-08-02,1710,8,2,17,4,Y,A,N,A,H,A,A,01,,03,C,,,,,C,Y,N,A,1,0,0,0,22350.0,3,36.32320022583008,-119.65521240234376,4
2018,2018-08-09,1438,8,2,14,4,N,A,N,A,H,A,A,01,E,21,G,Y,,,,B,N,M,A,1,1,0,0,22106.0,2,36.31623840332031,-119.6484146118164,3
2018,2018-07-25,1628,7,2,16,3,Y,A,Y,-,H,A,A,01,,03,C,,,,,C,N,N,A,2,0,0,0,22350.0,2,36.29156112670898,-119.7807159423828,4
2018,2018-07-21,1801,7,2,18,6,N,A,N,A,H,A,A,01,N,03,C,,,,,C,Y,N,A,1,0,0,0,22350.0,2,36.302616119384766,-119.78081512451172,3
2018,2018-09-06,1138,9,3,11,4,Y,A,N,A,H,A,A,01,,09,D,,,,,C,Y,N,A,4,0,0,0,21800.0,2,36.34262847900391,-119.68192291259766,4
2018,2018-09-13,1512,9,3,15,4,N,A,N,A,H,A,A,01,S,09,D,,,,,C,Y,N,A,2,0,0,0,21804.0,2,36.34125900268555,-119.6819305419922,4
2018,2018-08-08,646,8,2,6,3,N,A,N,A,H,D,A,01,W,08,A,,,,,E,N,M,D,1,0,0,0,22107.0,3,36.00444030761719,-120.1198501586914,3
2018,2018-09-09,2338,9,3,23,7,Y,A,N,A,H,C,A,01,,12,D,,,,,C,N,N,A,1,0,0,0,21453.0,2,36.33491897583008,-119.63703918457033,3
2018,2018-09-02,1742,9,3,17,7,Y,A,N,A,H,A,A,01,,09,D,,,,,C,Y,N,D,1,0,0,0,21802.0,2,36.357280731201165,-119.65103149414062,3
2018,2018-08-26,1654,8,2,16,7,Y,A,N,A,H,A,A,01,,01,C,,,,,C,Y,N,A,2,0,0,0,23152.0,2,36.33382034301758,-119.65516662597656,4
2018,2018-08-29,1614,8,2,16,3,N,A,N,A,H,A,A,01,N,03,C,,,,,C,Y,N,A,3,0,0,0,22350.0,3,36.318553924560554,-119.65512084960938,4
2018,2018-08-26,2033,8,2,20,7,Y,A,N,A,H,C,A,01,,00,D,,,,,C,Y,N,A,1,0,0,0,21450.0,2,36.32612991333008,-119.64888763427734,3
2018,2018-08-08,1241,8,2,12,3,Y,A,N,A,H,A,A,01,,09,A,,,,,C,Y,N,A,2,0,0,0,21801.0,2,36.31346130371094,-119.76941680908205,3
2018,2018-08-30,322,8,2,3,4,N,A,N,A,H,C,A,01,E,08,E,,,,,I,Y,N,D,3,0,0,0,22107.0,1,36.31340789794922,-119.79322052001952,3
2018,2018-08-29,1625,8,2,16,3,N,A,N,A,H,A,A,01,W,08,D,,,,,C,Y,N,D,1,0,0,0,22103.0,2,36.32040023803711,-119.76969146728516,4
2018,2018-07-28,252,7,2,2,6,N,A,N,A,H,C,A,07,W,01,E,,,,,I,Y,M,D,1,0,0,0,23152.0,2,36.31416194,-119.7944963,4
2018,2018-07-21,612,7,2,6,6,N,A,N,A,H,A,A,01,S,08,E,,,,,I,Y,N,A,1,0,0,0,22107.0,1,36.28895568847656,-119.79888916015624,2
2018,2018-07-16,651,7,2,6,1,Y,A,N,A,H,A,A,01,,09,D,,,,,C,N,N,A,2,0,0,0,21802.0,2,36.28376,-119.78091,3
2018,2018-08-24,725,8,2,7,5,N,A,N,A,H,A,N,60,E,10,G,Y,,,,B,N,F,D,1,1,0,0,21950.0,2,36.342681884765625,-119.64145660400392,4
2018,2018-08-26,1242,8,2,12,7,Y,A,N,A,H,A,A,01,,12,D,,,,,C,Y,N,A,1,0,0,0,21453.0,2,36.32804870605469,-119.65519714355467,3
2018,2018-09-17,1930,9,3,19,1,N,A,N,A,H,C,N,60,N,11,G,Y,,,Y,-,N,N,D,1,1,0,0,21954.0,2,36.36363220214844,-119.65506744384766,3
2018,2018-06-02,1018,6,2,10,6,N,A,N,A,H,A,A,01,N,01,E,,,,,I,Y,N,D,1,0,0,0,23152.0,1,36.298622131347656,-119.7707748413086,3
2018,2018-09-15,2030,9,3,20,6,Y,A,N,A,H,C,A,01,,01,C,,,,,E,Y,N,D,1,0,0,0,23152.0,2,36.34542083740234,-119.65506744384766,3
2018,2018-09-14,709,9,3,7,5,Y,A,N,A,H,A,A,01,,10,G,Y,,,,B,N,N,A,1,1,0,0,21950.0,2,36.32093048095703,-119.65513610839844,3
2018,2018-09-20,2002,9,3,20,4,Y,A,N,A,H,C,A,07,,08,D,,,,,C,Y,N,D,4,0,0,0,22107.0,2,36.3290901184082,-119.64933776855467,3
2018,2018-10-01,1117,10,3,11,1,-,A,N,A,H,A,A,01,,06,B,,,,,C,Y,N,D,1,0,0,0,21750.0,2,36.31354742,-119.70228106,4
2018,2018-09-18,1517,9,3,15,2,N,A,N,A,H,A,A,01,W,04,C,,,,,C,Y,N,A,1,0,0,0,21703.0,2,36.31343460083008,-119.65343475341795,4
2018,2018-09-19,921,9,3,9,3,Y,A,N,A,H,A,A,01,,03,C,,,,,C,Y,N,D,3,0,0,0,22350.0,3,,,4
2018,2018-09-19,1644,9,3,16,3,Y,A,N,A,H,A,L,04,,09,D,,Y,,,G,N,N,A,1,0,1,0,21800.0,2,36.32804870605469,-119.65519714355467,4
2018,2018-09-18,1046,9,3,10,2,Y,A,N,A,H,A,A,01,,03,C,,,,,C,Y,N,A,1,0,0,0,22350.0,2,36.35179138183594,-119.6460418701172,4
2018,2018-09-24,1645,9,3,16,1,Y,A,N,A,H,A,A,01,,09,D,,,,,C,Y,N,A,2,0,0,0,21802.0,2,36.36344909667969,-119.65506744384766,3
2018,2018-09-13,1008,9,3,10,4,Y,A,N,A,H,A,A,01,,08,A,,,,,I,Y,N,D,1,0,0,0,22107.0,1,36.31346893310546,-119.66168212890624,3
2018,2018-10-08,1531,10,3,15,1,Y,A,N,A,H,A,D,72,,21,C,,,,,C,N,N,A,1,0,0,0,22106.0,2,36.357269287109375,-119.64605712890624,4
2018,2018-10-08,1231,10,3,12,1,-,A,N,A,H,A,D,72,,08,B,,,,,E,Y,N,A,1,0,0,0,22107.0,2,,,4
2018,2018-10-02,1629,10,3,16,2,Y,A,N,A,H,A,D,22,,12,D,,,,,C,Y,N,A,1,0,0,0,21457.0,2,36.3426513671875,-119.66610717773438,3
2018,2018-09-23,1735,9,3,17,7,-,A,N,A,H,A,A,01,,21,H,,,,,C,Y,N,D,3,0,0,0,22106.0,2,36.33306884765625,-119.63186645507812,4
2018,2018-09-26,2353,9,3,23,3,N,A,N,A,H,D,A,01,W,01,D,,,,,E,Y,M,D,1,0,0,0,23152.0,4,,,3
2018,2018-10-10,908,10,3,9,3,Y,A,N,A,H,A,D,22,,03,G,,,,,B,Y,F,D,1,0,0,0,22350.0,1,36.342670440673835,-119.6324462890625,2
2018,2018-09-24,1240,9,3,12,1,N,A,N,A,H,A,D,72,W,08,B,,,,,C,Y,N,A,1,0,0,0,22107.0,2,36.322917938232415,-119.6737060546875,4
2018,2018-09-24,1508,9,3,15,1,Y,A,N,A,H,A,L,04,,05,D,,Y,,,G,N,N,A,1,0,1,0,21650.0,2,36.34268951416016,-119.63706207275392,3
2018,2018-10-10,1937,10,3,19,3,Y,A,N,A,H,C,-,- ,,00,D,,,,,C,Y,N,A,4,0,0,0,,2,36.32812881469727,-119.66848754882812,4
2018,2018-10-03,754,10,3,7,3,-,A,N,A,H,A,A,01,,09,D,,,,,C,Y,N,A,2,0,0,0,21804.0,2,,,4
2018,2018-10-04,1527,10,3,15,4,Y,A,N,A,H,A,A,01,,12,D,,,,,C,N,N,A,1,0,0,0,22450.0,2,36.35179138183594,-119.6460418701172,4
2018,2018-10-12,1224,10,3,12,5,Y,A,N,A,H,A,A,01,,09,D,,,,,C,Y,N,A,1,0,0,0,21800.0,3,36.342670440673835,-119.65953826904295,4
2018,2018-09-29,1200,9,3,12,6,N,A,N,A,H,A,A,01,W,03,C,,,,,C,N,N,A,1,0,0,0,22350.0,2,36.313472747802734,-119.66592407226562,3
2018,2018-10-25,2100,10,3,21,4,N,A,N,A,B,C,A,07,E,03,E,,,,Y,I,Y,M,D,2,0,0,0,22350.0,3,36.30562973022461,-119.65261840820312,3
2018,2018-10-31,1201,10,3,12,3,Y,A,N,A,H,A,A,01,,10,G,Y,,,,B,N,N,A,1,1,0,0,21950.0,2,36.342670440673835,-119.65953826904295,3
2018,2018-10-20,308,10,3,3,6,N,A,N,A,H,C,A,01,N,08,E,,,,,I,N,M,D,1,0,0,0,22107.0,2,36.35371780395508,-119.65506744384766,3
2018,2018-10-17,155,10,3,1,3,N,A,N,A,H,C,A,01,,03,E,,,,,I,N,N,D,2,0,0,0,22350.0,2,36.33516887,-119.65605855,3
2018,2018-11-01,946,11,3,9,4,Y,A,N,A,H,A,-,- ,,22,D,,,,,C,Y,N,D,2,0,0,0,,2,36.31575012207031,-119.66812133789062,3
2018,2018-09-07,2311,9,3,23,5,N,A,N,A,H,C,D,22,S,09,D,,,,,C,Y,N,D,2,0,0,0,21804.0,2,36.278079986572266,-119.79893493652344,3
2018,2018-08-31,1047,8,2,10,5,N,A,N,A,H,A,A,01,N,09,D,,,,,C,N,N,A,2,0,0,0,21804.0,2,36.301319122314446,-119.78311920166016,3
2018,2018-10-06,1000,10,3,10,6,N,A,N,A,H,A,A,01,N,01,A,,,,,C,Y,N,A,1,0,0,0,23152.0,2,36.287540435791016,-119.79962158203124,3
2018,2018-10-23,800,10,3,8,2,N,A,N,A,H,A,A,07,S,08,G,Y,,,,B,N,N,D,2,2,0,0,22107.0,3,36.312931060791016,-119.77825164794922,3
2018,2018-09-25,717,9,3,7,2,N,A,N,A,H,A,A,01,W,03,C,,,,,C,N,N,A,2,0,0,0,22350.0,2,36.313438415527344,-119.7812957763672,3
2018,2018-09-19,740,9,3,7,3,N,A,N,A,H,A,A,01,S,03,D,,Y,,,G,N,N,A,1,0,1,0,22350.0,2,36.30610275268555,-119.78765869140624,3
2018,2018-09-06,1453,9,3,14,4,Y,A,N,A,H,A,A,08,,09,D,,,,,C,N,N,A,1,0,0,0,21801.0,2,36.31344985961913,-119.77745056152344,3
2018,2018-09-29,1849,9,3,18,6,N,A,N,A,H,B,A,01,W,00,B,,,,,E,Y,N,D,1,0,0,0,23103.0,2,36.31188583374024,-119.77509307861328,4
2018,2018-10-24,1305,10,3,13,3,N,A,N,A,H,A,L,04,W,05,D,,Y,,,G,N,N,D,1,0,1,0,21650.0,2,36.34268951416016,-119.64689636230467,2
2018,2018-10-17,1023,10,3,10,3,Y,A,N,A,H,A,D,22,,09,D,,,,,C,Y,N,A,1,0,0,0,21453.0,3,36.328140258789055,-119.67299652099608,4
2018,2018-10-15,1006,10,3,10,1,Y,A,N,A,H,A,D,72,,09,D,,,,,C,Y,N,A,1,0,0,0,21802.0,2,36.31348037719727,-119.66388702392578,3
2018,2018-10-22,729,10,3,7,1,N,A,N,A,H,A,D,72,N,09,D,,,,,C,Y,N,D,1,0,0,0,21804.0,2,36.328033447265625,-119.63344573974608,3
2018,2018-10-30,1721,10,3,17,2,Y,A,N,A,H,A,A,07,,09,D,,,,,C,Y,N,A,2,0,0,0,21453.0,5,36.34268951416016,-119.63706207275392,4
2018,2018-10-25,1939,10,3,19,4,Y,A,N,A,H,C,A,01,,03,C,,,,,C,N,N,A,2,0,0,0,22350.0,2,36.31344985961913,-119.6549835205078,4
2018,2018-10-24,1727,10,3,17,3,Y,A,N,A,H,A,-,,,12,D,,,,,C,Y,N,A,2,0,0,0,21453.0,2,36.328140258789055,-119.67299652099608,3
2018,2018-10-10,751,10,3,7,3,N,A,N,A,H,A,N,60,W,11,G,Y,,,,B,N,N,D,1,1,0,0,21954.0,2,36.00715255737305,-120.13297271728516,4
2018,2018-11-09,1516,11,3,15,5,Y,A,N,A,H,A,D,22,,03,C,,,,,C,Y,N,A,2,0,0,0,22350.0,2,36.33622,-119.67937,4
2018,2018-11-14,1520,11,3,15,3,Y,A,N,A,H,A,A,01,,03,C,,,,,C,Y,N,A,2,0,0,0,22350.0,2,36.32588958740234,-119.65045928955078,3
2018,2018-11-08,1558,11,3,15,4,Y,A,N,A,H,A,C,02,,03,H,,,Y,,I,Y,N,A,1,0,0,1,22350.0,1,36.34083938598633,-119.65514373779295,3
2018,2018-10-05,1530,10,3,15,5,N,A,N,A,H,A,J,43,E,07,B,,,,,C,N,N,D,1,0,0,0,21658.0,2,36.328140258789055,-119.67299652099608,3
2018,2018-10-09,1437,10,3,14,2,Y,A,N,A,H,A,A,01,,09,D,,,,,C,Y,N,A,2,0,0,0,21453.0,2,36.32804870605469,-119.65519714355467,4
2018,2018-11-21,1430,11,3,14,3,Y,B,N,A,H,A,A,01,,09,D,,,,,C,N,N,A,1,0,0,0,21802.0,2,36.313419342041016,-119.64595794677734,4
2018,2018-11-25,1820,11,3,18,7,Y,A,N,A,H,C,A,01,,12,D,,,,,C,Y,N,A,1,0,0,0,21453.0,2,36.34268951416016,-119.63706207275392,4
2018,2018-11-07,1536,11,3,15,3,Y,A,N,A,H,A,A,01,,12,D,,,,,C,Y,F,A,1,0,0,0,22450.0,2,36.325061798095696,-119.64865112304688,4
2018,2018-11-25,1845,11,3,18,7,Y,B,N,A,H,C,A,01,,10,G,Y,,,,B,N,N,D,1,1,0,0,21950.0,2,36.00318908691406,-120.13127899169922,3
2018,2018-05-01,1613,5,1,16,2,Y,A,N,A,H,A,A,07,,09,D,,,,,C,Y,N,A,1,0,0,0,21803.0,3,36.102630615234375,-119.57877349853516,4
2018,2018-05-03,1602,5,1,16,4,N,A,N,A,H,A,L,04,E,08,H,,Y,,,G,N,N,D,1,0,1,0,22107.0,2,36.098098754882805,-119.58372497558594,2
2018,2018-05-04,751,5,1,7,5,Y,A,N,A,H,A,A,01,,10,G,Y,,,,B,N,N,A,1,1,0,0,21950.0,2,36.09806823730469,-119.57205200195312,4
2018,2018-05-04,2121,5,1,21,5,Y,A,N,A,H,C,A,01,,09,D,,,,,C,Y,F,A,1,0,0,0,21802.0,2,36.098041534423835,-119.5622787475586,3
2018,2018-05-17,927,5,1,9,4,-,A,N,A,H,A,A,01,,03,C,,,,,C,N,N,D,1,0,0,0,22350.0,2,36.09346542,-119.56756264,3
2018,2018-06-24,2216,6,2,22,7,N,A,N,A,H,D,-,- ,W,00,G,Y,,,,B,N,F,D,1,1,0,0,,2,36.09809494018555,-119.58470153808594,3
2018,2018-06-28,1623,6,2,16,4,Y,A,N,A,H,A,A,01,,09,D,,,,,C,N,N,D,1,0,0,0,21802.0,2,36.10688018798828,-119.55429077148438,3
2018,2018-11-30,1107,11,3,11,5,Y,A,N,B,H,A,A,01,,05,D,,,,,C,Y,N,A,1,0,0,0,21460.0,2,36.31338119506836,-119.63703155517578,4
2018,2018-11-27,2307,11,3,23,2,N,A,N,A,H,C,A,01,N,01,A,,,,,E,Y,N,A,1,0,0,0,23152.0,3,36.338623046875,-119.6492919921875,3
2018,2018-05-25,1920,5,1,19,5,Y,A,N,A,H,A,A,01,,12,D,,,,,C,N,N,A,2,0,0,0,21453.0,2,36.098041534423835,-119.56752014160156,4
2018,2018-07-20,1608,7,2,16,5,Y,A,N,A,H,A,A,01,,03,C,,,,,C,N,N,A,1,0,0,0,22350.0,2,36.09260177612305,-119.57208251953124,3
2018,2018-11-26,1954,11,3,19,1,Y,A,N,A,H,C,A,01,,10,G,Y,,,,B,N,N,A,1,1,0,0,21950.0,2,36.342681884765625,-119.64270782470705,4
2018,2018-11-19,1735,11,3,17,1,N,A,N,A,H,C,A,01,S,08,C,,,,,C,Y,N,D,1,0,0,0,22107.0,2,36.35378619,-119.65506792,4
2018,2018-12-05,1149,12,4,11,3,Y,C,N,B,H,A,A,01,,09,D,,,,,C,Y,N,A,1,0,0,0,21802.0,2,36.31348037719727,-119.66388702392578,4
2018,2018-12-03,1737,12,4,17,1,Y,A,N,A,H,D,A,01,,09,D,,,Y,,C,Y,N,A,1,0,0,1,21803.0,2,36.33673095703125,-119.65062713623048,3
2018,2018-12-07,745,12,4,7,5,Y,E,N,A,H,A,A,01,,08,B,,,Y,,C,Y,N,D,1,0,0,1,22107.0,2,36.32804870605469,-119.65519714355467,4
2018,2018-11-30,2102,11,3,21,5,Y,A,N,A,H,C,A,01,,09,D,,,,,C,Y,N,D,2,0,0,0,21804.0,2,36.331180572509766,-119.6395263671875,3
2018,2018-12-04,1841,12,4,18,2,Y,A,Y,A,H,A,A,01,,01,E,,,,,I,Y,N,D,1,0,0,0,23152.0,1,36.31844329833984,-119.67443084716795,2
2018,2018-12-08,1942,12,4,19,6,Y,A,N,A,H,C,N,60,,11,G,Y,,,,B,N,F,D,1,1,0,0,21954.0,2,36.30559158325195,-119.65590667724608,2
2018,2018-12-24,2102,12,4,21,1,Y,C,N,B,H,C,D,22,,12,D,,,,,C,Y,N,A,2,0,0,0,21453.0,3,36.35725021362305,-119.65509796142578,4
2018,2018-12-18,1514,12,4,15,2,Y,A,N,-,H,A,A,01,,03,C,,,,,C,Y,N,D,1,0,0,0,22350.0,3,36.3426,-119.69101,4
2018,2018-12-13,2330,12,4,23,4,N,A,N,A,H,D,A,01,S,01,F,,,,,E,Y,M,D,1,0,0,0,23152.0,2,36.35210800170898,-119.6284637451172,3
2018,2018-12-25,1918,12,4,19,2,N,A,N,A,H,C,A,01,E,09,D,,,,,C,Y,M,D,2,0,0,0,21804.0,2,36.00252151489258,-120.13265228271484,4
2018,2018-11-12,2200,11,3,22,1,N,A,N,A,H,C,A,01,N,01,D,,,,,C,Y,N,A,1,0,0,0,23153.0,2,36.305763244628906,-119.79428863525392,3
2018,2018-11-15,1835,11,3,18,4,N,A,N,A,H,C,A,01,E,08,E,,,,,I,Y,N,D,1,0,0,0,22107.0,1,36.29515838623047,-119.81680297851562,4
2018,2018-11-30,809,11,3,8,5,N,A,N,A,H,A,A,01,S,08,E,,,,,I,Y,N,D,1,0,0,0,22107.0,1,36.30023193359375,-119.77965545654295,3
2018,2018-12-14,1603,12,4,16,5,N,A,N,A,H,A,A,01,N,09,D,,,,,C,N,N,D,2,0,0,0,21804.0,2,36.295257568359375,-119.78077697753906,3
2018,2018-11-05,1541,11,3,15,1,Y,A,N,A,H,A,A,01,,10,G,Y,,,,B,Y,N,D,2,1,0,0,21950.0,2,36.31340026855469,-119.79424285888672,2
2019,2019-01-01,1735,1,4,17,2,Y,A,N,A,H,C,A,01,,08,D,,,Y,,C,Y,N,D,2,0,0,1,22107.0,2,36.328140258789055,-119.67299652099608,2
2019,2019-01-08,1750,1,4,17,2,Y,A,N,A,H,D,D,72,,09,H,,Y,,,G,N,N,A,1,0,1,0,21802.0,2,36.32799911499024,-119.6191635131836,3