ACCIDENT_YEAR,COLLISION_DATE,COLLISION_TIME,MONTH,SEASON,24HOURS,DAY_OF_WEEK,INTERSECTION,WEATHER_1,STATE_HWY_IND,ROAD_SURFACE,ROAD_COND_1,LIGHTING,STWD_VEHTYPE_AT_FAULT,CHP_VEHTYPE_AT_FAULT,DIRECTION,PCF_VIOL_CATEGORY,TYPE_OF_COLLISION,PEDESTRIAN_ACCIDENT,BICYCLE_ACCIDENT,MOTORCYCLE_ACCIDENT,TRUCK_ACCIDENT,MVIW,TOW_AWAY,HIT_AND_RUN,CONTROL_DEVICE,NUMBER_INJURED,COUNT_PED_INJURED,COUNT_BICYCLIST_INJURED,COUNT_MC_INJURED,PCF_VIOLATION,PARTY_COUNT,POINT_Y,POINT_X,COLLISION_SEVERITY
2019,2019-04-05,310,4,1,3,5,N,A,N,A,H,D,D,22,W,03,H,,,,,H,Y,N,D,1,0,0,0,22350.0,1,36.344024658203125,-119.83760833740234,4
2019,2019-04-06,955,4,1,9,6,N,A,Y,A,H,A,G,25,N,07,D,,,,Y,C,Y,N,D,1,0,0,0,21658.0,2,35.85000991821289,-119.828857421875,3
2019,2019-04-10,1510,4,1,15,3,N,A,Y,A,H,A,D,22,W,01,C,,,,,C,Y,N,D,4,0,0,0,23152.0,4,36.313526153564446,-119.69474029541016,2
2019,2019-04-14,1445,4,1,14,7,N,A,N,A,H,A,A,01,W,03,C,,,,,C,N,N,A,1,0,0,0,22350.0,2,36.21131896972656,-119.63908386230467,4
2020,2020-02-01,1631,2,4,16,6,N,A,N,A,H,A,A,01,S,04,C,,,,,C,N,N,D,1,0,0,0,21703.0,2,36.09803009033203,-119.56485748291016,4
2019,2019-04-14,2037,4,1,20,7,N,A,N,A,H,D,A,01,N,01,C,,,,,C,Y,N,D,1,0,0,0,23152.0,2,36.30867767333984,-119.6369400024414,3
2019,2019-04-19,2345,4,1,23,5,Y,A,N,A,H,D,A,01,,12,D,,,,,C,Y,F,A,6,0,0,0,22450.0,2,36.22579956054688,-119.6548309326172,2
2019,2019-04-12,1850,4,1,18,5,N,A,Y,A,H,A,D,22,S,03,C,,,,,C,Y,N,D,4,0,0,0,22350.0,2,36.06787490844727,-120.08694458007812,3
2020,2020-03-21,1659,3,1,16,6,Y,A,Y,A,H,A,A,07,,09,D,,,,,C,N,N,D,2,0,0,0,21804.0,2,36.10702133178711,-119.55459594726562,4
2020,2020-01-14,1213,1,4,12,2,Y,A,N,A,H,A,A,01,,04,C,,,,,C,N,N,D,1,0,0,0,21703.0,2,36.098027,-119.564496,4
2020,2020-03-13,1847,3,1,18,5,Y,A,N,A,H,A,D,72,,09,D,,,,,C,N,N,D,1,0,0,0,21804.0,2,36.098098754882805,-119.58992767333984,4
2020,2020-01-13,1852,1,4,18,1,N,A,N,A,H,C,A,07,S,08,B,,,,,C,N,M,D,1,0,0,0,22107.0,3,,,3
2019,2019-04-22,750,4,1,7,1,Y,A,N,A,H,A,A,01,,05,B,,,,,C,Y,N,A,1,0,0,0,21752.0,2,36.34259033203125,-119.7447509765625,4
2019,2019-04-12,120,4,1,1,5,N,A,N,A,H,D,A,01,E,12,H,,,,,F,Y,N,A,2,0,0,0,22451.0,2,36.25489044189453,-119.64591979980467,4
2020,2020-01-29,138,1,4,1,3,N,A,N,A,H,C,A,01,E,08,E,,,,,I,Y,M,D,1,0,0,0,22107.0,1,36.108978271484375,-119.5668716430664,4
2020,2020-01-14,518,1,4,5,2,N,A,N,A,H,C,A,07,E,08,B,,,,,E,N,N,D,1,0,0,0,22107.0,2,36.10445022583008,-119.57427215576172,3
2019,2019-04-19,1905,4,1,19,5,Y,A,N,A,H,A,A,01,,09,D,,,,,C,Y,N,A,2,0,0,0,21802.0,2,36.31352996826172,-119.72695159912108,2
2019,2019-04-18,1240,4,1,12,4,N,A,Y,A,D,A,A,01,W,03,C,,,,,C,Y,N,A,1,0,0,0,22350.0,2,36.31729507446289,-119.68187713623048,2
2019,2019-04-22,2130,4,1,21,1,Y,A,N,A,H,C,A,07,,09,D,,,,,C,Y,N,A,2,0,0,0,21801.0,2,36.26918029785156,-119.762939453125,3
2019,2019-04-21,2310,4,1,23,7,N,A,N,A,H,D,A,07,E,01,E,,,,,I,Y,N,D,1,0,0,0,23152.0,1,36.31028366088867,-119.70087432861328,3
2019,2019-04-17,2210,4,1,22,3,N,A,N,A,H,C,A,01,E,01,B,,,,,C,Y,N,D,1,0,0,0,23152.0,3,36.300338745117195,-119.63957214355467,3
2019,2019-04-24,1833,4,1,18,3,N,A,Y,A,H,A,A,01,S,08,E,,,,,I,Y,N,D,1,0,0,0,22107.0,1,36.1839714050293,-119.60033416748048,4
2019,2019-04-23,1517,4,1,15,2,N,A,N,A,H,A,A,01,W,03,C,,,,,C,Y,N,D,1,0,0,0,22350.0,2,36.34246826171875,-119.811279296875,4
2019,2019-04-22,145,4,1,1,1,N,A,N,A,H,D,A,01,S,08,C,,,,,C,Y,N,D,6,0,0,0,22107.0,2,36.146728515625,-119.64575958251952,4
2019,2019-04-25,1210,4,1,12,4,N,A,Y,A,H,A,A,01,S,03,C,,,,,C,N,N,D,1,0,0,0,22350.0,2,36.28385162353516,-119.60072326660156,4
2019,2019-04-24,2103,4,1,21,3,N,A,Y,A,H,D,A,01,E,01,E,,,,,I,Y,N,D,1,0,0,0,23152.0,1,36.30501556396485,-119.72533416748048,3
2019,2019-04-29,640,4,1,6,1,N,A,Y,A,H,A,A,01,S,06,B,,,,Y,C,Y,N,D,1,0,0,0,21750.0,3,36.22663116455078,-119.60079956054688,3
2019,2019-04-29,1805,4,1,18,1,N,A,Y,A,H,A,D,22,S,03,C,,,,,C,Y,N,A,2,0,0,0,22350.0,3,36.32339859008789,-119.60094451904295,4
2019,2019-04-26,155,4,1,1,5,N,A,N,A,H,D,A,01,E,01,E,,,,,I,Y,N,D,1,0,0,0,23152.0,1,35.94905471801758,-119.57271575927734,3
2019,2019-04-28,1510,4,1,15,7,Y,A,N,A,H,A,A,01,,09,D,,,,,C,Y,N,A,1,0,0,0,21802.0,2,36.211421966552734,-119.79814910888672,3
2019,2019-05-04,743,5,1,7,6,N,A,N,A,H,A,F,26,S,08,D,,,,Y,C,Y,N,D,1,0,0,0,22107.0,2,36.06393051147461,-119.57198333740234,4
2019,2019-04-29,1800,4,1,18,1,N,A,N,A,H,A,D,22,E,08,B,,,Y,,C,Y,N,D,1,0,0,1,22107.0,2,36.34249114990234,-119.80803680419922,4
2019,2019-04-30,622,4,1,6,2,N,A,N,A,H,A,A,01,N,03,C,,,,,C,Y,N,D,1,0,0,0,22350.0,2,36.199405670166016,-119.9326171875,4
2020,2020-04-19,2357,4,1,23,7,N,A,N,A,H,C,A,01,S,01,C,,,,,E,Y,N,D,1,0,0,0,23152.0,2,36.353477478027344,-119.65506744384766,4
2019,2019-05-10,1110,5,1,11,5,N,A,N,A,H,A,D,22,E,03,C,,,,,C,Y,N,D,1,0,0,0,22350.0,2,36.313514709472656,-119.73984527587892,4
2019,2019-05-09,750,5,1,7,4,N,A,Y,A,H,A,A,07,W,08,E,,,,,I,Y,N,D,1,0,0,0,22107.0,1,36.32820129394531,-119.49307250976562,4
2019,2019-05-12,2350,5,1,23,7,N,A,N,A,H,D,D,22,W,01,E,,,,,I,Y,N,D,1,0,0,0,23152.0,1,36.29841995239258,-119.7182388305664,3
2019,2019-05-03,1050,5,1,10,5,N,A,Y,A,H,A,A,07,S,03,C,,,,,C,Y,N,D,1,0,0,0,22350.0,3,35.96680450439453,-119.97300720214844,3
2020,2020-04-24,1528,4,1,15,5,Y,A,N,A,H,A,A,01,,21,G,Y,,,,B,N,N,A,1,1,0,0,22106.0,2,36.32798004150391,-119.63699340820312,3
2019,2019-05-12,1530,5,1,15,7,N,A,N,A,H,A,A,01,N,08,E,,,,,I,Y,N,D,1,0,0,0,22107.0,1,36.024559020996094,-119.5719985961914,4
2019,2019-05-11,1755,5,1,17,6,N,A,N,A,H,A,A,01,N,08,F,,,,,A,Y,N,D,1,0,0,0,22107.0,1,36.2278709411621,-119.8961944580078,3
2019,2019-05-16,555,5,1,5,4,N,B,N,B,H,B,-,- ,N,00,D,,,,,C,N,N,D,1,0,0,0,,2,36.04064178466797,-120.00360107421876,4
2020,2020-04-24,453,4,1,4,5,Y,A,N,A,H,C,D,22,,12,D,,,,,C,Y,N,A,2,0,0,0,21453.0,2,36.35725021362305,-119.65509796142578,3
2019,2019-05-11,1305,5,1,13,6,Y,A,N,A,H,A,A,01,,09,D,,,,Y,C,Y,N,A,3,0,0,0,21802.0,3,36.21131896972656,-119.7802276611328,4
2019,2019-05-14,610,5,1,6,2,Y,A,Y,A,H,A,D,22,,12,D,,,,,C,Y,N,A,2,0,0,0,22450.0,2,36.2694206237793,-119.60070037841795,4
2019,2019-05-16,2240,5,1,22,4,N,A,N,B,H,D,-,- ,S,18,H,,,,,H,Y,N,D,1,0,0,0,,1,35.850772857666016,-119.9152603149414,4
2020,2020-04-23,827,4,1,8,4,N,A,N,A,H,A,A,01,W,08,D,,,,,C,Y,N,D,1,0,0,0,22107.0,2,36.32255554199219,-119.65168762207033,4
2019,2019-05-18,1454,5,1,14,6,Y,B,N,A,H,A,A,01,,09,D,,,,,C,Y,N,A,2,0,0,0,21800.0,2,36.38619995117188,-119.69098663330078,2
2019,2019-05-20,2140,5,1,21,1,N,A,N,A,H,D,-,- ,N,18,H,,,,,H,N,N,D,2,0,0,0,,1,36.19963073730469,-119.79817962646484,4
2019,2019-05-28,2150,5,1,21,2,N,A,Y,A,H,D,A,07,E,03,C,,,,,C,N,N,D,2,0,0,0,22350.0,2,36.32821273803711,-119.50717163085938,3
2019,2019-05-29,630,5,1,6,3,N,A,N,A,H,A,A,01,E,08,F,,,,,A,Y,N,D,2,0,0,0,22107.0,1,36.48137283325195,-119.55459594726562,4
2019,2019-05-29,115,5,1,1,3,N,A,N,D,A,D,C,02,E,01,F,,,Y,,A,Y,N,D,1,0,0,1,23152.0,1,36.313743591308594,-119.85845947265624,2
2020,2020-05-16,1357,5,1,13,6,Y,A,N,A,H,A,A,01,,01,D,,,,,C,Y,N,D,1,0,0,0,23153.0,2,36.31344985961913,-119.65994262695312,3
2019,2019-06-03,1145,6,2,11,1,Y,A,N,A,H,A,A,01,,09,D,,,,,C,Y,N,A,2,0,0,0,21802.0,2,36.25476837158203,-119.7090072631836,3
2019,2019-06-01,1602,6,2,16,6,N,A,N,A,H,A,A,01,S,08,B,,,,Y,C,Y,N,D,1,0,0,0,22107.0,2,35.9708251953125,-119.57195281982422,4
2019,2019-05-27,2126,5,1,21,1,N,A,N,A,H,C,D,22,E,01,E,,,,,I,Y,N,A,1,0,0,0,23152.0,1,36.18571853637695,-119.83041381835938,4
2019,2019-05-03,520,5,1,5,5,N,A,Y,A,H,D,A,01,S,05,A,,,,,C,Y,N,D,1,0,0,0,21650.0,3,35.915706634521484,-120.06848907470705,1
2019,2019-05-29,1827,5,1,18,3,N,A,Y,A,H,A,D,22,W,01,F,,,,,A,Y,N,D,1,0,0,0,23152.0,1,36.32250595092773,-119.6482391357422,3
2019,2019-05-31,521,5,1,5,5,N,A,Y,A,H,B,A,01,S,09,D,,,,,C,Y,N,A,2,0,0,0,21802.0,2,36.21149826049805,-119.81609344482422,3
2019,2019-05-31,230,5,1,2,5,N,A,N,A,H,D,A,07,W,01,F,,,,,I,Y,N,D,1,0,0,0,23152.0,1,36.25480270385742,-119.65933990478516,2
2019,2019-05-31,1655,5,1,16,5,Y,A,Y,A,H,A,D,22,,09,D,,,,,C,Y,N,D,2,0,0,0,21801.0,2,36.4379997253418,-119.63616943359376,4
2019,2019-06-03,1720,6,2,17,1,Y,A,Y,A,H,A,A,07,,03,C,,,,,C,Y,N,D,4,0,0,0,22350.0,2,36.19411849975586,-119.82450103759766,3
2019,2019-06-03,1653,6,2,16,1,Y,A,N,A,H,A,A,01,,09,D,,,,,C,Y,N,D,3,0,0,0,21802.0,2,36.31352996826172,-119.72695159912108,3
2019,2019-06-06,445,6,2,4,4,N,A,N,A,H,D,A,01,E,01,E,,,,,I,Y,N,D,1,0,0,0,23152.0,1,36.24017333984375,-119.75204467773438,3
2019,2019-06-05,1815,6,2,18,3,N,A,Y,A,H,A,A,01,N,01,C,,,,,C,Y,N,A,1,0,0,0,23152.0,2,36.313594818115234,-119.80811309814452,3
2019,2019-06-06,1108,6,2,11,4,N,A,Y,A,H,A,A,07,E,08,C,,,,Y,E,Y,N,D,1,0,0,0,22107.0,3,36.32821273803711,-119.55660247802734,2
2019,2019-06-04,935,6,2,9,2,N,A,N,A,H,A,A,07,W,03,C,,,,,C,Y,N,D,1,0,0,0,22350.0,2,36.072486877441406,-120.03939819335938,3
2019,2019-06-12,1205,6,2,12,3,Y,A,Y,A,H,A,D,22,,09,D,,,,,C,Y,N,A,1,0,0,0,21802.0,2,36.36639022827149,-119.63587951660156,3
2019,2019-06-03,1435,6,2,14,1,Y,A,Y,A,H,A,A,01,,09,D,,,,,C,Y,N,A,2,0,0,0,21802.0,3,36.30018615722656,-119.74469757080078,3
2019,2019-06-04,1750,6,2,17,2,Y,A,N,A,H,A,D,22,,12,D,,,,,C,Y,F,A,1,0,0,0,22450.0,2,36.31352996826172,-119.72695159912108,3
2019,2019-06-07,1910,6,2,19,5,N,A,N,A,H,A,A,01,W,03,C,,,,,C,N,N,D,1,0,0,0,22350.0,2,36.31351852416992,-119.73590087890624,4
2019,2019-06-07,330,6,2,3,5,N,A,N,A,H,C,C,02,W,01,C,,,Y,,C,Y,N,A,2,0,0,2,23152.0,2,36.328067779541016,-119.70922088623048,3
2019,2019-06-09,350,6,2,3,7,N,A,N,A,H,D,D,22,W,03,C,,,,,C,Y,N,D,1,0,0,0,22350.0,2,36.098087310791016,-119.59405517578124,3
2019,2019-06-09,45,6,2,0,7,N,A,N,A,H,D,A,01,N,08,E,,,,,J,Y,M,D,1,0,0,0,22107.0,1,36.30262756347656,-119.7628173828125,4
2019,2019-06-18,940,6,2,9,2,N,A,N,A,H,A,A,07,N,08,E,,,,,I,Y,N,D,1,0,0,0,22107.0,1,36.38141632080078,-119.81005096435548,3
2019,2019-06-12,524,6,2,5,3,N,A,N,A,H,B,A,01,W,08,E,,,,,I,Y,N,D,1,0,0,0,22107.0,1,36.2839241027832,-119.75006866455078,4
2019,2019-06-18,1454,6,2,14,2,N,A,Y,A,H,A,D,22,S,03,C,,,,,C,N,N,D,1,0,0,0,22350.0,2,36.3419189453125,-119.60091400146484,4
2019,2019-06-07,1222,6,2,12,5,Y,A,N,A,H,A,N,60,,11,G,Y,,,,B,N,N,A,1,1,0,0,21954.0,2,36.32807159423828,-119.69098663330078,3
2019,2019-06-23,1419,6,2,14,7,N,A,Y,A,H,A,A,01,E,21,C,,,,,C,N,N,A,1,0,0,0,22106.0,2,36.31865692138672,-119.67302703857422,4
2019,2019-06-20,1340,6,2,13,4,Y,A,Y,A,H,A,A,07,,12,D,,,,,C,Y,N,A,1,0,0,0,22450.0,2,36.36638641357422,-119.63587951660156,4
2020,2020-05-13,1145,5,1,11,3,N,A,N,A,H,A,L,04,E,05,D,,Y,,,G,N,N,A,1,0,1,0,21650.0,2,36.311389923095696,-119.67295074462892,4
2019,2019-06-15,1627,6,2,16,6,N,A,N,A,H,A,A,01,N,03,C,,,,,C,Y,N,D,1,0,0,0,22350.0,2,36.11629486083984,-119.64437866210938,4
2019,2019-06-26,1912,6,2,19,3,N,A,N,A,H,A,A,07,N,08,E,,,,,I,Y,N,D,1,0,0,0,22107.0,1,36.16965103149414,-119.97066497802734,3
2019,2019-06-26,2235,6,2,22,3,N,G,Y,A,D,D,A,01,S,03,C,,,,,C,Y,N,C,3,0,0,0,22350.0,3,36.00210189819336,-119.9594268798828,4
2019,2019-06-25,1247,6,2,12,2,N,A,Y,A,H,A,A,01,S,03,C,,,,,C,Y,N,D,1,0,0,0,22350.0,2,36.362689971923835,-119.80941009521484,3
2019,2019-06-26,1518,6,2,15,3,N,A,Y,A,H,A,A,01,E,03,C,,,,,C,Y,N,A,1,0,0,0,22350.0,2,36.25554275512695,-119.89586639404295,3
2019,2019-06-28,738,6,2,7,5,N,A,Y,A,D,A,C,02,W,03,F,,,Y,,A,Y,N,D,1,0,0,1,22350.0,2,36.29158020019531,-119.78177642822266,4
2019,2019-06-30,315,6,2,3,7,N,A,Y,A,H,D,A,01,W,03,C,,,,,C,N,N,D,2,0,0,0,22350.0,2,36.328216552734375,-119.5051727294922,4
2019,2019-07-03,1140,7,2,11,3,N,A,Y,A,H,A,C,02,S,03,C,,,Y,Y,C,Y,N,D,1,0,0,1,22350.0,2,35.978546142578125,-119.95691680908205,3
2019,2019-07-01,1258,7,2,12,1,N,A,N,A,H,A,A,01,S,03,E,,,,,I,Y,M,D,2,0,0,0,22350.0,1,36.31867980957031,-119.7090072631836,3
2019,2019-07-02,527,7,2,5,2,Y,A,N,A,H,B,A,01,,09,D,,,,,C,Y,N,A,1,0,0,0,21802.0,2,36.021759033203125,-119.5360870361328,4
2020,2020-02-22,211,2,4,2,6,N,C,Y,A,H,D,A,01,S,01,F,,,,,I,Y,N,D,1,0,0,0,23152.0,1,36.06877517700195,-120.10462188720705,3
2019,2019-07-02,937,7,2,9,2,Y,A,Y,A,H,A,A,01,,09,D,,,,,C,Y,N,A,2,0,0,0,21802.0,2,36.36638641357422,-119.63587951660156,4
2019,2019-06-28,1715,6,2,17,5,N,A,Y,A,H,A,-,- ,N,18,F,,,Y,,A,Y,N,D,1,0,0,1,,1,35.99942398071289,-119.97872924804688,2
2020,2020-03-14,815,3,1,8,6,Y,C,Y,B,H,A,A,07,,09,D,,,,,C,N,N,D,3,0,0,0,21804.0,2,36.1103630065918,-119.56288146972656,4
2019,2019-06-02,2200,6,2,22,7,N,A,N,A,H,D,A,01,S,08,F,,,,,A,Y,N,D,1,0,0,0,22107.0,1,36.24802017211913,-119.87056732177734,2
2019,2019-07-07,1225,7,2,12,7,N,A,Y,A,H,A,A,07,N,03,C,,,,,C,Y,N,D,1,0,0,0,22350.0,3,35.99089813232422,-119.95957946777344,4
2019,2019-07-08,1528,7,2,15,1,Y,A,N,A,H,A,A,01,,09,D,,,,,C,Y,N,A,1,0,0,0,21802.0,3,36.32804107666016,-119.76323699951172,3
2019,2019-07-10,523,7,2,5,3,Y,A,N,A,H,B,A,01,,09,D,,,,,C,Y,N,A,2,0,0,0,21802.0,2,36.26918029785156,-119.762939453125,4
2019,2019-07-11,2020,7,2,20,4,Y,A,Y,A,H,C,D,22,,09,D,,,,,C,Y,N,A,1,0,0,0,21802.0,2,36.21152114868164,-119.81609344482422,3
2019,2019-07-12,535,7,2,5,5,N,A,N,A,H,B,D,22,S,05,F,,,,,A,Y,N,D,1,0,0,0,21752.0,1,36.459102630615234,-119.56443786621094,4
2019,2019-07-14,1258,7,2,12,7,N,A,Y,A,H,A,A,08,N,03,B,,,,,C,Y,N,A,1,0,0,0,22350.0,2,36.00086212158203,-119.9785385131836,3
2019,2019-07-12,743,7,2,7,5,N,A,N,A,H,A,D,22,E,03,C,,,,,C,N,N,D,1,0,0,0,22350.0,2,36.24029922485352,-119.79842376708984,4
2019,2019-07-16,521,7,2,5,2,N,A,Y,A,H,B,D,22,N,03,C,,,,,C,Y,N,D,2,0,0,0,22350.0,2,36.40300750732422,-119.6369400024414,4
2019,2019-07-13,1324,7,2,13,6,Y,A,N,A,H,A,A,01,,09,D,,,,,C,Y,N,A,1,0,0,0,21802.0,2,36.37181854248047,-119.74494934082033,3
2019,2019-07-16,1750,7,2,17,2,N,A,N,A,H,A,A,07,S,08,E,,,,,I,Y,N,A,1,0,0,0,22107.0,1,36.380104064941406,-119.8512725830078,4
2019,2019-07-12,320,7,2,3,5,N,A,Y,A,H,D,A,01,N,08,E,,,,,I,Y,N,D,1,0,0,0,22107.0,1,36.1578369140625,-119.5998077392578,3
2019,2019-07-22,1330,7,2,13,1,N,A,N,A,H,A,F,55,W,08,B,,,,Y,C,Y,N,D,1,0,0,0,22107.0,2,36.21110534667969,-119.69422912597656,4
2019,2019-07-18,1545,7,2,15,4,Y,A,N,A,H,A,C,02,,05,F,,,Y,Y,A,Y,N,A,1,0,0,1,21752.0,2,36.343948364257805,-119.8871612548828,2
2019,2019-07-16,500,7,2,5,2,N,A,Y,A,H,C,A,07,S,01,E,,,,,I,Y,N,A,1,0,0,0,23152.0,2,36.342239379882805,-119.8078384399414,2
2019,2019-07-01,1943,7,2,19,1,Y,A,Y,A,H,A,G,25,,09,D,,,,Y,C,Y,N,D,0,0,0,0,21801.0,2,36.26940155029297,-119.60070037841795,1
2019,2019-07-24,1500,7,2,15,3,N,A,Y,A,H,A,A,07,E,21,C,,,,,C,N,N,A,1,0,0,0,22106.0,2,36.30939102172852,-119.70892333984376,4
2019,2019-07-26,2020,7,2,20,5,N,A,N,A,H,B,C,02,W,03,F,,,Y,,A,N,N,D,1,0,0,1,22350.0,1,36.401382446289055,-119.75106811523438,3
2019,2019-07-28,1040,7,2,10,7,N,A,Y,A,H,A,A,01,N,03,C,,,,,C,Y,N,D,1,0,0,0,22350.0,2,35.99131774902344,-119.95957183837892,3
2019,2019-07-23,1230,7,2,12,2,N,A,N,A,H,A,A,01,S,03,C,,,,,C,Y,N,D,1,0,0,0,22350.0,2,36.38165283203125,-119.67303466796876,3
2019,2019-07-26,957,7,2,9,5,Y,A,N,A,H,A,A,01,,09,D,,,,,C,Y,N,A,1,0,0,0,21802.0,2,36.26918029785156,-119.762939453125,4
2019,2019-07-25,1124,7,2,11,4,Y,A,N,A,H,A,A,01,,09,D,,,,,C,Y,N,A,4,0,0,0,21802.0,2,36.29856872558594,-119.56514739990234,2
2019,2019-07-27,1745,7,2,17,6,N,A,Y,A,H,A,A,08,W,09,D,,,,,C,Y,N,A,2,0,0,0,21802.0,2,36.18941879272461,-119.82791900634766,3
2019,2019-07-28,1925,7,2,19,7,Y,A,Y,A,H,B,A,01,,05,B,,,,Y,C,Y,N,A,1,0,0,0,21752.0,2,36.415721893310554,-119.63679504394533,4
2019,2019-07-30,900,7,2,9,2,N,A,N,A,H,A,F,27,W,03,F,,,,Y,A,Y,N,D,1,0,0,0,22350.0,1,36.3427734375,-119.51629638671876,4
2019,2019-07-31,1704,7,2,17,3,Y,A,Y,A,H,A,A,07,,12,D,,,,Y,C,Y,N,A,1,0,0,0,21453.0,2,36.21089553833008,-119.6005859375,4
2019,2019-08-01,115,8,2,1,4,N,A,N,A,H,D,A,01,S,03,C,,,,,C,Y,N,D,2,0,0,0,22350.0,2,36.20975875854492,-119.91937255859376,2
2019,2019-08-07,355,8,2,3,3,N,A,N,A,H,D,-,- ,S,18,H,,,,,H,Y,N,D,1,0,0,0,,1,36.180828094482415,-119.56486511230467,3
2019,2019-08-02,1730,8,2,17,5,N,A,Y,A,H,A,A,01,N,03,C,,,,,C,Y,N,A,3,0,0,0,22350.0,3,36.342750549316406,-119.80821228027344,4
2019,2019-08-05,430,8,2,4,1,Y,A,Y,A,H,C,A,01,,09,D,,,,,C,Y,N,A,1,0,0,0,21802.0,2,36.328163146972656,-119.56514739990234,4
2019,2019-08-07,1743,8,2,17,3,N,A,N,A,H,A,A,01,W,03,C,,,,,C,N,N,D,1,0,0,0,22350.0,2,36.25484085083008,-119.80891418457033,4
2019,2019-08-05,2052,8,2,20,1,N,A,Y,A,H,D,B,07,S,08,C,,,,,C,Y,M,D,1,0,0,0,22107.0,2,36.00678253173828,-119.98645782470705,4
2019,2019-08-19,1110,8,2,11,1,N,A,N,A,H,A,A,01,W,03,C,,,,,C,Y,N,A,1,0,0,0,22350.0,2,36.29827880859375,-119.76286315917967,4
2019,2019-08-18,1415,8,2,14,7,N,A,N,A,H,A,D,22,E,08,F,,,,,A,Y,N,D,1,0,0,0,22107.0,1,36.18940353393555,-119.77420043945312,3
2019,2019-08-16,1044,8,2,10,5,N,A,Y,A,H,A,M,46,E,09,D,,,,,C,Y,N,D,1,0,0,0,21804.0,2,36.255474090576165,-119.95890045166016,4
2019,2019-08-21,705,8,2,7,3,Y,A,Y,A,H,A,D,22,,09,D,,,,,C,Y,N,A,1,0,0,0,21802.0,2,,,4
2019,2019-08-24,2335,8,2,23,6,N,A,N,A,H,D,G,25,W,08,F,,,,Y,A,Y,N,D,1,0,0,0,22107.0,1,36.021480560302734,-119.60926818847656,3
2019,2019-08-23,653,8,2,6,5,N,A,N,A,H,A,A,07,N,09,D,,,,,C,Y,N,A,2,0,0,0,21803.0,2,36.31403732299805,-119.69314575195312,4
2019,2019-08-21,1843,8,2,18,3,N,A,Y,A,H,A,A,01,S,06,A,,,,,C,Y,N,D,2,0,0,0,21751.0,2,36.12995910644531,-119.5793914794922,3
2019,2019-08-06,1426,8,2,14,2,Y,A,N,A,H,A,A,08,,12,D,,,,,C,Y,N,A,1,0,0,0,22450.0,2,36.25495147705078,-119.63684844970705,1
2019,2019-08-29,815,8,2,8,4,N,A,Y,A,H,A,D,22,S,03,C,,,,Y,C,N,N,D,1,0,0,0,22350.0,2,36.13296127319336,-119.58142852783205,4
2019,2019-08-23,834,8,2,8,5,N,A,Y,A,H,A,A,01,S,08,E,,,,,I,Y,N,D,1,0,0,0,22107.0,1,36.43080520629882,-119.6361846923828,4
2019,2019-08-29,1640,8,2,16,4,Y,A,N,A,H,A,A,01,,12,D,,,,,C,Y,N,A,2,0,0,0,22450.0,2,36.31393051147461,-119.71891784667967,3
2019,2019-08-30,1232,8,2,12,5,Y,A,N,A,H,A,A,01,,09,D,,,,,C,N,N,D,1,0,0,0,21800.0,2,35.98711013793945,-119.9580535888672,4
2019,2019-08-26,710,8,2,7,1,N,A,Y,A,H,A,A,01,N,08,C,,,,,C,Y,F,D,1,0,0,0,22107.0,2,35.996780395507805,-119.97608947753906,3
2019,2019-08-18,1231,8,2,12,7,N,A,Y,A,H,A,A,01,E,07,B,,,,,C,Y,N,D,3,0,0,0,21658.0,2,36.25566864013672,-119.86861419677734,4
2019,2019-09-03,1405,9,3,14,2,Y,A,N,A,H,A,A,07,,03,C,,,,,C,Y,N,D,1,0,0,0,22350.0,2,36.40206146240234,-119.79830169677734,3
2019,2019-09-03,720,9,3,7,2,Y,A,N,A,H,A,C,02,,05,B,,,Y,,C,Y,N,D,1,0,0,1,21460.0,2,36.3279685974121,-119.79422760009766,2
2019,2019-09-03,1830,9,3,18,2,N,A,N,A,H,A,A,01,W,08,E,,,,,J,Y,N,D,2,0,0,0,22107.0,1,36.254688262939446,-119.72762298583984,3