ACCIDENT_YEAR,COLLISION_DATE,COLLISION_TIME,MONTH,SEASON,24HOURS,DAY_OF_WEEK,INTERSECTION,WEATHER_1,STATE_HWY_IND,ROAD_SURFACE,ROAD_COND_1,LIGHTING,STWD_VEHTYPE_AT_FAULT,CHP_VEHTYPE_AT_FAULT,DIRECTION,PCF_VIOL_CATEGORY,TYPE_OF_COLLISION,PEDESTRIAN_ACCIDENT,BICYCLE_ACCIDENT,MOTORCYCLE_ACCIDENT,TRUCK_ACCIDENT,MVIW,TOW_AWAY,HIT_AND_RUN,CONTROL_DEVICE,NUMBER_INJURED,COUNT_PED_INJURED,COUNT_BICYCLIST_INJURED,COUNT_MC_INJURED,PCF_VIOLATION,PARTY_COUNT,POINT_Y,POINT_X,COLLISION_SEVERITY
2020,2020-07-07,1135,7,2,11,2,Y,A,N,A,A,A,A,01,,12,D,,,,,C,Y,N,A,3,0,0,0,22450.0,2,36.32806015014648,-119.72688293457033,4
2020,2020-07-06,625,7,2,6,1,N,A,N,A,H,A,D,22,S,01,F,,,,,A,Y,N,D,1,0,0,0,23152.0,1,36.047882080078125,-119.57199096679688,4
2020,2020-07-02,1555,7,2,15,4,N,A,Y,A,H,A,A,01,W,01,E,,,,,I,Y,N,D,1,0,0,0,23152.0,1,36.312747955322266,-119.69679260253906,4
2020,2020-07-02,830,7,2,8,4,Y,A,N,A,H,A,D,22,,01,D,,,,,C,Y,N,A,1,0,0,0,23152.0,2,36.4304084777832,-119.564697265625,4
2020,2020-07-03,1855,7,2,18,5,N,A,N,A,H,A,A,01,E,01,E,,,,,I,Y,M,A,1,0,0,0,23152.0,1,36.40208053588867,-119.80686950683594,3
2020,2020-07-13,1320,7,2,13,1,N,A,N,A,H,A,A,01,N,08,C,,,,,E,Y,N,D,1,0,0,0,22107.0,2,36.31190490722656,-119.7020263671875,4
2020,2020-07-06,1015,7,2,10,1,N,A,Y,A,H,A,A,01,W,03,C,,,,,C,Y,N,D,2,0,0,0,22350.0,4,36.32120513916016,-119.65582275390624,4
2020,2020-07-07,524,7,2,5,2,N,A,N,A,H,A,A,08,S,09,D,,,,,C,Y,N,D,3,0,0,0,21804.0,2,36.39992141723633,-119.56492614746094,4
2020,2020-07-11,115,7,2,1,6,Y,A,N,A,H,D,D,22,,01,D,,,,,C,Y,N,A,2,0,0,0,23152.0,2,36.40137100219727,-119.5649185180664,3
2020,2020-07-01,12,7,2,0,3,N,A,N,A,H,C,A,01,N,01,A,,,,,A,Y,M,D,1,0,0,0,23152.0,2,36.31700134277344,-119.7090072631836,3
2020,2020-07-01,11,7,2,0,3,N,A,N,A,H,C,A,01,W,01,D,,,,,C,Y,M,D,1,0,0,0,23152.0,2,36.316993713378906,-119.71192932128906,3
2020,2020-07-16,1420,7,2,14,4,Y,A,N,A,H,A,A,07,,09,D,,,,,C,Y,N,A,3,0,0,0,21802.0,2,36.29777908325195,-119.49211883544922,3
2020,2020-07-18,35,7,2,0,6,N,A,N,A,H,D,A,07,W,05,B,,,,,C,Y,N,D,2,0,0,0,21650.0,2,35.93429183959961,-119.8790283203125,3
2020,2020-04-17,2350,4,1,23,5,N,A,N,A,H,D,D,22,N,01,A,,,,,C,Y,N,D,1,0,0,0,23152.0,2,36.15462112426758,-119.98986053466795,1
2020,2020-06-05,1727,6,2,17,5,N,B,N,A,H,A,D,22,S,01,F,,,,,A,Y,N,D,0,0,0,0,23152.0,1,36.37455368041992,-119.85126495361328,1
2020,2020-07-19,1410,7,2,14,7,N,A,Y,A,H,A,A,01,S,07,B,,,,,C,N,N,D,1,0,0,0,21658.0,2,36.0690803527832,-120.08954620361328,4
2020,2020-07-22,55,7,2,0,3,N,A,N,A,H,C,G,25,S,09,D,,,,Y,C,Y,N,D,3,0,0,0,21804.0,2,36.18143081665039,-119.95559692382812,3
2020,2020-07-20,1847,7,2,18,1,Y,A,N,A,H,A,A,01,,12,D,,,,,C,Y,N,A,1,0,0,0,22450.0,2,36.29827880859375,-119.76286315917967,4
2020,2020-07-22,1325,7,2,13,3,N,A,Y,A,H,A,D,22,N,08,F,,,,,A,Y,N,D,1,0,0,0,22107.0,1,36.30793380737305,-119.80796813964844,3
2020,2020-07-23,1310,7,2,13,4,Y,A,N,A,H,A,D,22,,09,D,,,,,C,Y,N,A,2,0,0,0,21802.0,2,36.26918029785156,-119.762939453125,4
2020,2020-07-21,805,7,2,8,2,Y,A,N,A,H,A,D,22,,09,A,,,,,C,Y,N,A,1,0,0,0,21802.0,2,36.13778,-120.01139,4
2020,2020-07-25,1742,7,2,17,6,Y,A,Y,A,H,A,A,01,,01,D,,,,,C,Y,N,A,1,0,0,0,23152.0,2,36.34249114990234,-119.80784606933594,3
2020,2020-07-19,2122,7,2,21,7,N,A,Y,A,C,D,A,01,N,03,E,,,,,I,Y,N,A,1,0,0,0,22350.0,2,36.0260009765625,-119.9590301513672,4
2020,2020-07-11,430,7,2,4,6,N,A,N,A,H,D,A,01,S,03,E,,,,,I,Y,F,D,1,0,0,0,22350.0,1,36.180828094482415,-119.56486511230467,4
2020,2020-07-26,130,7,2,1,7,N,A,N,A,H,C,A,01,W,03,C,,,,,C,N,M,A,3,0,0,0,22350.0,2,36.21089553833008,-119.60083770751952,4
2020,2020-08-01,1440,8,2,14,6,N,A,Y,A,H,A,A,01,E,09,D,,,,,C,Y,N,A,1,0,0,0,21802.0,2,36.25484085083008,-119.80876922607422,4
2020,2020-07-27,750,7,2,7,1,N,A,Y,A,H,A,D,22,N,08,A,,,,,C,Y,N,D,1,0,0,0,22107.0,2,36.416385650634766,-119.63678741455078,2
2020,2020-08-09,845,8,2,8,7,N,A,N,A,H,A,A,01,W,08,F,,,,,A,Y,N,D,5,0,0,0,22107.0,1,35.934085845947266,-119.84873962402344,2
2020,2020-08-03,150,8,2,1,1,N,A,N,A,H,D,A,01,W,05,B,,,,,C,Y,F,D,4,0,0,0,21650.0,4,36.211158752441406,-119.65659332275392,4
2020,2020-07-19,110,7,2,1,7,N,A,Y,A,H,D,D,22,N,09,B,,,,Y,C,Y,F,A,1,0,0,0,21802.0,2,36.108768463134766,-119.55898284912108,4
2020,2020-08-11,700,8,2,7,2,Y,A,Y,A,H,A,A,01,,09,D,,,,,C,Y,N,A,1,0,0,0,21801.0,2,36.4012107849121,-119.63695526123048,4
2020,2020-06-05,250,6,2,2,5,Y,A,Y,A,H,C,A,01,,01,E,,,,,I,Y,N,A,0,0,0,0,23152.0,1,36.3001823425293,-119.74472045898438,1
2020,2020-08-09,1247,8,2,12,7,N,A,Y,A,H,A,A,01,N,08,F,,,,,A,Y,N,D,1,0,0,0,22107.0,1,36.388137817382805,-119.8096923828125,2
2020,2020-08-10,1330,8,2,13,1,Y,A,N,A,H,A,A,01,,09,D,,,,,C,Y,N,A,1,0,0,0,21802.0,2,36.31351089477539,-119.7447509765625,3
2020,2020-08-09,2500,8,2,25,7,N,A,N,A,H,D,A,01,E,08,E,,,,,I,Y,N,D,1,0,0,0,22107.0,1,36.34880447387695,-119.48963165283205,2
2020,2020-08-05,2300,8,2,23,3,N,A,Y,A,H,D,A,01,N,01,A,,,,,D,Y,N,D,1,0,0,0,23152.0,2,36.017696380615234,-120.00318145751952,4
2020,2020-08-15,1350,8,2,13,6,Y,A,Y,A,H,A,A,07,,09,D,,,,,C,Y,N,D,1,0,0,0,21802.0,2,36.01026916503906,-119.95929718017578,3
2020,2020-08-19,731,8,2,7,3,N,A,N,A,H,A,A,01,S,03,D,,,,,C,Y,N,D,1,0,0,0,22350.0,2,35.99858093261719,-120.13128662109376,4
2020,2020-08-25,705,8,2,7,2,N,A,N,A,H,A,D,22,S,03,C,,,,,C,Y,N,D,1,0,0,0,22350.0,3,36.26773071289063,-119.76293182373048,4
2020,2020-08-25,555,8,2,5,2,N,A,N,A,H,D,A,01,W,08,D,,,Y,,C,Y,N,D,2,0,0,1,22107.0,2,36.37177276611328,-119.78463745117188,3
2020,2020-08-19,1620,8,2,16,3,N,A,Y,A,H,A,F,26,N,08,E,,,,Y,I,Y,N,D,1,0,0,0,22107.0,1,36.019805908203125,-120.00644683837892,4
2020,2020-08-29,545,8,2,5,6,N,A,N,A,H,D,A,07,S,08,B,,,,,C,N,N,D,1,0,0,0,22107.0,2,36.130672454833984,-119.79806518554688,4
2020,2020-08-28,2035,8,2,20,5,Y,A,N,A,H,D,A,07,,09,D,,,,,C,Y,N,A,2,0,0,0,21802.0,2,36.357181549072266,-119.70899200439452,4
2020,2020-08-28,2150,8,2,21,5,N,A,N,A,H,D,A,01,S,09,D,,,,,C,Y,N,D,1,0,0,0,21801.0,2,36.34039306640625,-119.70899963378906,4
2020,2020-08-26,1245,8,2,12,3,N,A,N,A,H,A,N,60,W,11,G,Y,,,,B,N,N,D,1,1,0,0,21950.0,2,36.00822448730469,-119.96212768554688,4
2020,2020-08-30,25,8,2,0,7,N,A,Y,A,H,D,D,22,W,01,F,,,,,A,Y,N,D,1,0,0,0,23152.0,1,36.25517272949219,-119.92086029052734,4
2020,2020-08-26,1815,8,2,18,3,Y,A,N,A,H,A,A,01,,09,D,,,,,C,Y,N,A,2,0,0,0,21802.0,2,36.343971252441406,-119.8512725830078,2
2020,2020-08-28,2350,8,2,23,5,N,A,Y,A,H,C,D,22,S,07,C,,,,,C,Y,N,D,1,0,0,0,21658.0,2,36.27979278564453,-119.80814361572266,4
2020,2020-08-05,2302,8,2,23,3,N,A,Y,A,H,D,A,07,N,03,C,,,,,C,Y,N,D,3,0,0,0,22350.0,5,36.017696380615234,-120.00318145751952,4
2020,2020-09-03,905,9,3,9,4,Y,A,Y,A,H,A,G,25,,08,E,,,,Y,I,Y,N,D,1,0,0,0,22107.0,1,36.329288482666016,-119.60094451904295,4
2020,2020-07-18,250,7,2,2,6,N,A,Y,A,H,D,A,01,N,08,F,,,,,A,Y,N,D,0,0,0,0,22107.0,1,36.024417877197266,-120.01237487792967,1
2020,2020-09-01,350,9,3,3,2,N,A,N,A,H,D,A,07,W,03,D,,,,,C,Y,N,D,1,0,0,0,22350.0,2,36.240188598632805,-119.73212432861328,4
2020,2020-08-28,325,8,2,3,5,N,A,N,A,H,D,A,07,S,03,C,,,,,C,Y,N,D,1,0,0,0,22350.0,2,36.26626968383789,-119.78092956542967,4
2020,2020-08-28,1931,8,2,19,5,N,A,N,A,H,B,A,01,E,01,E,,,,,I,Y,N,D,2,0,0,0,23152.0,1,36.26921081542969,-119.72151184082033,4
2020,2020-09-01,2050,9,3,20,2,N,A,Y,A,H,D,A,01,S,08,E,,,,,I,Y,N,D,1,0,0,0,22107.0,1,36.340457916259766,-119.60092163085938,3
2020,2020-09-04,1112,9,3,11,5,N,A,N,A,H,A,A,07,E,08,F,,,,,A,Y,N,D,1,0,0,0,22107.0,1,36.32796478271485,-119.80458831787108,3
2020,2020-09-05,2045,9,3,20,6,Y,A,N,A,H,D,A,01,,09,D,,,,,C,Y,N,D,1,0,0,0,21802.0,2,36.34259033203125,-119.7447509765625,4
2020,2020-09-06,2223,9,3,22,7,N,A,N,A,H,D,A,08,N,03,E,,,,,I,Y,N,A,1,0,0,0,22350.0,1,35.934688568115234,-119.9247817993164,4
2020,2020-09-04,1810,9,3,18,5,Y,A,N,A,H,A,D,22,,09,D,,,,Y,C,Y,N,A,1,0,0,0,21802.0,2,36.26905,-119.47461,3
2020,2020-09-05,1645,9,3,16,6,N,A,Y,A,H,A,A,01,N,09,C,,,,,C,Y,N,A,1,0,0,0,21802.0,2,36.32809066772461,-119.80778503417967,4
2020,2020-09-06,105,9,3,1,7,Y,A,N,A,H,D,A,01,,01,E,,,,,I,Y,N,D,1,0,0,0,23152.0,1,36.34807968139648,-119.49298095703124,4
2020,2020-09-05,2255,9,3,22,6,N,A,N,A,H,D,A,01,N,08,E,,,,,I,Y,N,D,3,0,0,0,22107.0,1,36.024173736572266,-119.5719985961914,2
2020,2020-09-09,1650,9,3,16,3,N,A,N,A,H,A,A,01,E,03,C,,,,,C,Y,N,D,1,0,0,0,22350.0,4,36.34257125854492,-119.75357818603516,4
2020,2020-09-10,1248,9,3,12,4,Y,B,Y,A,H,A,A,08,,12,D,,,,,C,Y,N,A,2,0,0,0,22450.0,2,36.328227996826165,-119.5651397705078,4
2020,2020-06-08,1146,6,2,11,1,N,A,N,A,H,A,A,01,N,09,B,,,,,C,Y,N,A,1,0,0,0,21804.0,2,36.32846832275391,-119.67299652099608,3
2020,2020-09-13,750,9,3,7,7,N,B,N,A,H,A,A,01,N,08,F,,,,,A,Y,N,D,1,0,0,0,22107.0,1,36.37921524047852,-119.56500244140624,4
2020,2020-07-14,1739,7,2,17,2,Y,A,N,A,H,A,A,07,,12,D,,,,,C,Y,N,A,1,0,0,0,21453.0,2,36.32801055908203,-119.66300201416016,4
2020,2020-09-08,425,9,3,4,2,N,A,N,A,H,C,A,01,N,01,C,,,,Y,C,Y,N,A,1,0,0,0,23152.0,2,36.25507354736328,-119.65486907958984,3
2020,2020-09-05,1159,9,3,11,6,Y,A,Y,A,H,A,D,22,,21,D,,,,,C,Y,F,D,2,0,0,0,22106.0,2,36.328227996826165,-119.56513214111328,3
2020,2020-09-14,530,9,3,5,1,N,A,N,A,H,C,A,01,W,01,E,,,,,I,Y,M,D,1,0,0,0,23152.0,2,36.313507080078125,-119.71697235107422,4
2020,2020-09-21,1630,9,3,16,1,N,A,Y,A,H,A,A,01,S,06,A,,,,,C,Y,N,D,4,0,0,0,21751.0,4,36.08982849121094,-119.9131088256836,2
2020,2020-06-09,1015,6,2,10,2,N,A,N,A,H,A,D,22,S,03,C,,,Y,,C,Y,N,D,0,0,0,0,22350.0,2,36.224876403808594,-119.63684844970705,1
2020,2020-06-25,1153,6,2,11,4,N,A,N,A,C,A,-,,N,06,B,,Y,,,G,N,N,D,1,0,1,0,21760.0,2,36.3411521911621,-119.65513610839844,3
2020,2020-09-20,210,9,3,2,7,N,A,N,A,H,C,A,01,N,08,E,,,,,I,Y,N,D,3,0,0,0,22107.0,1,36.24445724487305,-119.78082275390624,3
2020,2020-09-26,950,9,3,9,6,N,A,Y,A,H,A,C,02,N,08,F,,,Y,,A,Y,N,D,1,0,0,1,22107.0,1,36.05702972412109,-119.94144439697266,2
2020,2020-09-26,910,9,3,9,6,N,A,Y,A,H,A,A,01,S,03,C,,,,Y,C,Y,N,D,2,0,0,0,22350.0,2,36.00583267211914,-119.98369598388672,4
2020,2020-09-26,754,9,3,7,6,N,A,N,A,H,A,A,01,W,08,D,,,,,C,Y,N,D,1,0,0,0,22107.0,2,36.2983512878418,-119.76583862304688,4
2020,2020-09-22,626,9,3,6,2,N,A,N,A,H,A,A,01,W,01,B,,,,Y,C,Y,N,D,2,0,0,0,23152.0,2,36.254642486572266,-119.78554534912108,4
2020,2020-09-29,1325,9,3,13,2,N,A,N,A,H,A,D,22,N,08,E,,,,,I,Y,N,D,1,0,0,0,22107.0,1,36.024436950683594,-119.5719985961914,4
2020,2020-09-24,10,9,3,0,4,N,A,Y,A,H,D,A,01,N,08,F,,,,,A,Y,N,D,1,0,0,0,22107.0,1,36.35714721679688,-119.80827331542967,2
2020,2020-09-28,242,9,3,2,1,N,A,N,A,H,D,A,01,N,01,E,,,,,I,Y,N,D,1,0,0,0,23152.0,1,,,2
2020,2020-10-01,2300,10,3,23,4,N,A,Y,A,H,D,D,22,N,08,E,,,,Y,I,Y,N,D,1,0,0,0,22107.0,3,36.34720993041992,-119.60281372070312,4
2020,2020-10-05,635,10,3,6,1,N,A,Y,A,H,B,A,01,W,08,F,,,,,A,Y,N,D,1,0,0,0,22107.0,1,36.255535125732415,-119.87599182128906,4
2020,2020-07-04,31,7,2,0,6,-,A,N,A,H,C,-,,,01,A,,,,,E,Y,N,D,1,0,0,0,23152.0,6,36.314451,-119.662748,4
2020,2020-07-19,15,7,2,0,7,Y,A,N,A,H,C,A,01,,01,C,,,,Y,E,Y,M,D,1,0,0,0,23152.0,4,36.33491134643555,-119.64112854003906,3
2020,2020-07-09,1349,7,2,13,4,N,A,N,A,H,A,A,07,S,09,D,,,,,C,Y,N,A,1,0,0,0,21804.0,2,36.3276481628418,-119.65515899658205,3
2020,2020-07-11,1807,7,2,18,6,N,A,Y,A,H,A,A,01,E,21,C,,,,,C,N,N,A,1,0,0,0,22106.0,2,36.319122314453125,-119.67001342773438,4
2020,2020-10-08,810,10,3,8,4,N,A,Y,A,H,A,G,25,S,03,C,,,,Y,C,Y,N,D,2,0,0,0,22350.0,2,36.1670036315918,-119.60042572021484,4
2020,2020-10-11,1550,10,3,15,7,N,A,Y,A,H,A,-,99,W,07,C,,,,,C,Y,M,D,1,0,0,0,21658.0,2,36.324066162109375,-119.63715362548828,4
2020,2020-10-06,1615,10,3,16,2,N,B,Y,A,H,A,A,07,N,08,E,,,,,I,Y,N,D,2,0,0,0,22107.0,1,35.83935546875,-120.08667755126952,4
2020,2020-10-13,1015,10,3,10,2,N,A,N,A,H,A,A,01,E,01,E,,,,,I,Y,M,D,1,0,0,0,23152.0,1,36.30600738525391,-119.63677978515624,3
2020,2020-10-17,830,10,3,8,6,N,A,N,A,H,A,A,01,W,08,E,,,,,I,Y,N,D,1,0,0,0,22107.0,1,36.26945495605469,-119.75000762939452,3
2020,2020-10-16,1638,10,3,16,5,Y,A,N,A,H,A,A,08,,09,D,,,,,C,Y,N,A,1,0,0,0,21802.0,2,36.22616958618164,-119.63684844970705,3
2020,2020-10-12,1650,10,3,16,1,N,A,N,A,H,A,A,01,W,03,C,,,,,C,Y,N,D,1,0,0,0,22350.0,2,36.3279685974121,-119.79767608642578,3
2020,2020-07-03,1155,7,2,11,5,Y,A,N,A,H,A,A,01,,09,D,,,,,C,Y,N,A,1,0,0,0,21801.0,2,36.33489990234375,-119.64604949951172,4
2020,2020-10-14,2050,10,3,20,3,N,A,N,A,H,D,A,01,E,01,E,,,,,I,Y,N,D,1,0,0,0,23152.0,1,36.29903793334961,-119.53114318847656,2
2020,2020-10-16,2025,10,3,20,5,N,A,Y,A,H,D,A,01,S,08,F,,,,,A,Y,N,D,1,0,0,0,22107.0,1,35.96554946899414,-119.97406768798828,3
2020,2020-10-16,1440,10,3,14,5,Y,A,Y,A,H,A,A,01,,09,D,,,,Y,C,Y,N,A,2,0,0,0,21802.0,2,36.36635208129882,-119.63585662841795,3
2020,2020-10-21,805,10,3,8,3,N,A,N,A,H,A,A,07,E,08,F,,,,,A,Y,N,D,1,0,0,0,22107.0,1,36.44524383544922,-119.6160125732422,3
2020,2020-10-20,556,10,3,5,2,N,A,Y,A,H,D,A,01,S,03,C,,,,,C,Y,N,D,2,0,0,0,22350.0,2,36.0940055847168,-119.9105224609375,4
2020,2020-10-17,1700,10,3,17,6,N,A,Y,A,H,A,D,22,S,08,F,,,,,I,Y,N,D,3,0,0,0,22107.0,1,36.0412483215332,-120.04182434082033,3
2020,2020-10-25,1354,10,3,13,7,N,A,N,A,H,A,D,22,N,09,D,,,,,C,Y,N,D,1,0,0,0,21801.0,2,36.30544662475586,-119.49263763427734,4
2020,2020-09-19,1533,9,3,15,6,N,A,Y,A,H,A,F,26,W,03,C,,,,Y,C,Y,N,D,1,0,0,0,22350.0,3,36.313232421875,-119.69524383544922,1
2020,2020-10-23,1900,10,3,19,5,Y,A,N,A,H,D,A,01,,01,D,,,,,C,Y,N,A,2,0,0,0,23152.0,2,36.269161224365234,-119.72688293457033,2
2020,2020-10-29,620,10,3,6,4,Y,A,Y,A,H,D,A,07,,09,D,,,,,C,Y,N,A,3,0,0,0,21802.0,2,36.35138320922852,-119.61001586914062,4
2020,2020-10-28,655,10,3,6,3,N,A,N,A,H,A,A,07,N,08,F,,,,,A,Y,N,D,1,0,0,0,22107.0,1,36.3028564453125,-119.7628173828125,3
2020,2020-10-27,1353,10,3,13,2,Y,A,N,A,H,A,A,07,,09,A,,,,,C,Y,N,D,3,0,0,0,21801.0,2,36.3279685974121,-119.79422760009766,3
2020,2020-10-30,2337,10,3,23,5,Y,A,N,A,H,D,D,22,,09,D,,,,,C,Y,N,A,2,0,0,0,21802.0,2,36.26932907104492,-119.70902252197266,4
2020,2020-10-28,640,10,3,6,3,N,A,N,A,H,A,A,07,N,01,A,,,,,C,Y,N,D,2,0,0,0,23152.0,2,36.45340347290039,-119.56450653076172,2
2020,2020-10-27,938,10,3,9,2,N,A,N,A,H,A,G,25,E,03,F,,,,Y,A,Y,N,D,1,0,0,0,22350.0,1,36.08353805541992,-119.58958435058594,4
2020,2020-10-30,1622,10,3,16,5,N,A,Y,A,H,A,A,07,W,03,C,,,,Y,C,Y,N,D,5,0,0,0,22350.0,3,36.321113586425774,-119.65716552734376,2
2020,2020-10-26,2035,10,3,20,1,N,A,Y,A,H,D,A,01,S,01,B,,,,,C,Y,N,D,2,0,0,0,23152.0,3,36.42943954467773,-119.63638305664062,4
2020,2020-08-30,1742,8,2,17,7,Y,A,N,A,H,A,C,02,,01,D,,,Y,,C,Y,N,D,0,0,0,0,23152.0,2,36.40116882324219,-119.69097137451172,1
2020,2020-11-02,1740,11,3,17,1,N,A,N,A,H,C,E,22,S,09,C,,,,,C,N,N,D,2,0,0,0,21804.0,2,36.309757232666016,-119.6369400024414,3
2020,2020-10-31,1255,10,3,12,6,N,A,Y,A,H,A,D,22,W,07,E,,,,,I,Y,N,D,1,0,0,0,21658.0,2,36.31204605102539,-119.69935607910156,4
2020,2020-10-30,1715,10,3,17,5,N,A,Y,A,H,A,D,22,N,03,C,,,,,C,N,F,A,5,0,0,0,22350.0,2,,,4
2020,2020-11-03,1431,11,3,14,2,Y,A,N,A,H,A,A,01,,09,D,,,,,C,Y,N,A,2,0,0,0,21800.0,2,36.32799911499024,-119.78079223632812,4
2020,2020-10-28,1720,10,3,17,3,Y,A,Y,A,H,A,A,07,,09,D,,,,,C,Y,N,A,1,0,0,0,21802.0,2,36.3663444519043,-119.63584136962892,4
2020,2020-11-06,528,11,3,5,5,N,A,N,A,H,D,A,01,E,08,F,,,,,A,Y,N,D,1,0,0,0,22107.0,1,36.21112823486328,-119.66730499267578,4
2020,2020-11-02,1930,11,3,19,1,N,A,Y,A,H,D,A,01,N,08,B,,,,,C,Y,N,D,1,0,0,0,22107.0,2,35.99007034301758,-119.96818542480467,4
2020,2020-11-03,1930,11,3,19,2,N,A,Y,A,H,C,A,01,N,08,C,,,,Y,E,Y,N,D,1,0,0,0,22107.0,2,35.981971740722656,-119.96170043945312,4
2020,2020-11-11,1725,11,3,17,3,Y,A,N,A,H,C,A,01,,09,A,,,,,C,Y,N,D,2,0,0,0,21801.0,2,36.401180267333984,-119.6864776611328,4
2020,2020-11-08,1320,11,3,13,7,N,B,N,A,H,A,D,22,S,01,F,,,,,A,Y,N,D,1,0,0,0,23152.0,1,36.13072967529297,-119.6444091796875,2
2020,2020-11-07,145,11,3,1,6,Y,A,Y,A,H,C,D,22,,01,D,,,,Y,C,Y,N,A,1,0,0,0,23152.0,2,36.30855178833008,-119.70912933349608,2
2020,2020-11-09,512,11,3,5,1,N,A,Y,A,H,C,A,01,S,01,E,,,,,I,Y,N,A,1,0,0,0,23152.0,1,36.3719482421875,-119.63703918457033,4
2020,2020-11-11,1612,11,3,16,3,N,B,N,A,H,B,A,07,E,03,C,,,,,C,Y,N,D,1,0,0,0,22350.0,2,36.32807159423828,-119.68981170654295,4
2020,2020-04-13,2202,4,1,22,1,Y,A,N,A,H,C,A,71,,12,D,,,,,C,Y,F,A,3,0,0,0,21453.0,2,36.325210571289055,-119.65518188476562,4
2020,2020-11-17,659,11,3,6,2,N,A,N,A,H,A,A,01,N,03,C,,,,,C,Y,N,D,1,0,0,0,22350.0,2,36.06763458251953,-119.57198333740234,4
2020,2020-11-11,1340,11,3,13,3,N,A,N,A,H,A,A,01,E,01,B,,,,,C,Y,M,A,1,0,0,0,23152.0,2,36.21117401123047,-119.76173400878906,4
2020,2020-11-12,1325,11,3,13,4,Y,A,N,A,H,A,A,01,,09,D,,,,,C,Y,N,A,2,0,0,0,21802.0,2,36.28377914428711,-119.67270660400392,4
2020,2020-11-15,15,11,3,0,7,N,A,N,A,H,D,A,01,E,08,F,,,,,A,Y,N,D,1,0,0,0,22107.0,1,36.189449310302734,-119.86473083496094,3
2020,2020-11-11,1905,11,3,19,3,Y,A,Y,A,H,C,A,07,,08,D,,,,,C,N,N,D,5,0,0,0,22107.0,2,36.009239196777344,-119.95930480957033,4
2020,2020-11-15,1327,11,3,13,7,Y,A,N,A,H,A,A,01,,09,D,,,,,C,Y,N,A,4,0,0,0,21802.0,2,36.2111701965332,-119.65489959716795,4
2020,2020-10-03,325,10,3,3,6,N,A,Y,A,H,D,A,01,N,01,E,,,,,I,Y,N,D,0,0,0,0,23152.0,1,36.14325714111328,-119.58897399902344,1
2020,2020-11-19,811,11,3,8,4,N,A,Y,A,H,A,D,22,W,03,C,,,,,C,Y,N,D,1,0,0,0,22350.0,2,36.30020523071289,-119.74517059326172,4
2020,2020-11-18,2100,11,3,21,3,N,A,N,A,H,D,A,01,N,01,E,,,,,I,Y,N,D,1,0,0,0,23152.0,1,36.27535629272461,-119.7446746826172,2
2020,2020-11-17,42,11,3,0,2,N,A,N,A,H,D,A,01,N,08,F,,,,,A,Y,N,D,2,0,0,0,22107.0,1,36.12116241455078,-119.64440155029295,2
2020,2020-11-20,1440,11,3,14,5,N,A,Y,A,H,A,A,01,N,03,C,,,,,C,Y,N,D,3,0,0,0,22350.0,3,36.21540832519531,-119.8161163330078,3
2020,2020-11-17,1059,11,3,10,2,Y,A,N,A,H,A,D,22,,09,D,,,,,C,Y,N,D,3,0,0,0,21801.0,2,36.1379508972168,-119.64467620849608,4
2020,2020-11-22,840,11,3,8,7,Y,E,Y,A,H,A,A,01,,09,D,,,,,C,Y,N,D,3,0,0,0,21800.0,2,36.328227996826165,-119.56513214111328,3
2020,2020-11-24,1658,11,3,16,2,N,A,Y,A,H,B,A,01,N,03,C,,,,,C,Y,N,D,2,0,0,0,22350.0,3,36.33673095703125,-119.60093688964844,4
2020,2020-11-23,1615,11,3,16,1,N,A,N,A,H,B,A,01,W,03,C,,,,,C,Y,N,D,1,0,0,0,22350.0,2,36.34246444702149,-119.8118133544922,4
2020,2020-07-24,1637,7,2,16,5,Y,A,N,A,H,A,A,01,,09,D,,,,,C,Y,N,A,1,0,0,0,21802.0,2,36.360008239746094,-119.65509796142578,3
2020,2020-12-02,1848,12,4,18,3,N,A,Y,A,H,D,A,01,E,03,C,,,,,C,Y,N,D,1,0,0,0,22350.0,2,36.30549621582031,-119.72333526611328,4